,DATE,SYMBOL,CLOSE,HIGH,LOW,OPEN,VOLUME,CLOSE_CHANGE,CLOSE_PCT_CHANGE,DAILY_RANGE,DAILY_RANGE_PCT
0,10/22/2025,A,145.59,147.74,144.46,145.28,209523,-0.09,-0.0618,3.285,2.2741
1,10/22/2025,AAPL,258.31,262.85,257.64,262.79,15361179,-4.46,-1.6973,5.2099,2.0222
2,10/22/2025,ABBV,230.67,232.05,230,231.67,845674,-0.72,-0.3112,2.05,0.8913
3,10/22/2025,ABNB,128.46,128.85,127.69,128.52,698057,-0.1,-0.0778,1.16,0.9085
4,10/22/2025,ABT,128.36,128.84,127.14,127.62,1876775,0.82,0.6429,1.705,1.3411
5,10/22/2025,ACGL,87.94,88.4,86.97,88.06,441542,0.24,0.2737,1.425,1.6384
6,10/22/2025,ACN,249.99,251.05,247.17,248.61,1182725,-0.515,-0.2056,3.8758,1.5681
7,10/22/2025,ADBE,358.49,360.19,353,355.21,1117322,0.94,0.2629,7.19,2.0368
8,10/22/2025,ADI,239.22,241.12,237.06,240.92,1501253,-7.15,-2.9021,4.06,1.7126
9,10/22/2025,ADM,62.69,62.69,61.17,61.74,788663,0.975,1.5797,1.52,2.4847
10,10/22/2025,ADP,286.64,287.4,282.94,283.61,298739,2.665,0.9384,4.46,1.5763
11,10/22/2025,ADSK,308.88,311.28,307.72,309.82,452368,-1.69,-0.5442,3.56,1.1569
12,10/22/2025,AEE,105.39,105.44,104.5,105.04,138950,0.47,0.448,0.94,0.8995
13,10/22/2025,AEP,117.9,118.16,117.12,117.44,459883,0.47,0.4002,1.042,0.8897
14,10/22/2025,AES,14.17,14.36,14.11,14.35,2727234,-0.15,-1.0475,0.25,1.7718
15,10/22/2025,AFL,108,108.82,107.33,108.19,297902,-0.185,-0.171,1.49,1.3882
16,10/22/2025,AIG,78.46,79.36,78.08,78.66,799327,0.08,0.1021,1.28,1.6393
17,10/22/2025,AIZ,211.95,212.18,210.2,210.66,42640,1.105,0.5241,1.975,0.9396
18,10/22/2025,AJG,282.82,284.04,277.92,279.52,352576,3.81,1.3655,6.12,2.2021
19,10/22/2025,AKAM,75.73,76.39,75.04,75.62,415209,-0.4,-0.5254,1.35,1.799
20,10/22/2025,ALB,90.14,91.9,89.8,90.8,451437,-1.2,-1.3138,2.099,2.3374
21,10/22/2025,ALGN,137.13,138.35,136.33,136.5,331413,0.915,0.6717,2.02,1.4817
22,10/22/2025,ALL,193.82,194.52,192.02,193.96,265664,0.08,0.0413,2.505,1.3045
23,10/22/2025,ALLE,178.47,179.75,176.95,179.1,256500,-1,-0.5572,2.8,1.5824
24,10/22/2025,AMAT,220.27,226.77,220.03,226,1604540,-5.73,-2.5354,6.74,3.0632
25,10/22/2025,AMCR,8.23,8.25,8.14,8.14,4435007,0.095,1.1671,0.115,1.4136
26,10/22/2025,AMD,227.9,240.13,227.63,236.71,24579340,-10.1344,-4.2576,12.5024,5.4924
27,10/22/2025,AME,186.37,189.18,186.01,188.84,123972,-1.93,-1.025,3.165,1.7015
28,10/22/2025,AMGN,301.66,302.82,299.05,301.29,315419,0.52,0.1727,3.7639,1.2586
29,10/22/2025,AMP,479.62,481.84,477.36,479.4,80314,0.26,0.0542,4.48,0.9385
30,10/22/2025,AMT,192.59,193.25,191.19,192.03,247942,0.22,0.1144,2.06,1.0775
31,10/22/2025,AMZN,218.74,220.01,216.91,219.43,17043786,-3.29,-1.4818,3.095,1.4269
32,10/22/2025,ANET,142.68,147.25,141.68,145.87,1634066,-3.26,-2.2338,5.57,3.9314
33,10/22/2025,AON,342.94,344.29,340.51,343.32,289733,-0.49,-0.1427,3.78,1.1101
34,10/22/2025,AOS,69.7,70.84,69.56,70.83,335011,-1.3025,-1.8345,1.285,1.8475
35,10/22/2025,APA,22.53,22.83,22.34,22.38,1835578,-0.05,-0.2214,0.495,2.2158
36,10/22/2025,APD,254.6,255.07,252.31,254.04,319071,-0.115,-0.0452,2.7614,1.0945
37,10/22/2025,APH,126.87,135.93,125,135.35,8745904,2.43,1.9527,10.935,8.748
38,10/22/2025,APO,126.48,127.91,125.4,126.24,666438,0.5025,0.3989,2.51,2.0016
39,10/22/2025,APP,559.71,570,554.24,568.73,1520635,7.065,1.2784,15.76,2.8435
40,10/22/2025,APTV,84.6,86.11,84.6,85.21,307991,-0.99,-1.1567,1.51,1.7849
41,10/22/2025,ARE,78.03,78.13,76.69,77.09,282827,1.235,1.6083,1.44,1.8777
42,10/22/2025,ATO,177.44,177.69,176.16,177.7,135266,0.4,0.2259,1.53,0.8685
43,10/22/2025,AVB,189.97,190,186.3,188.12,148131,2.85,1.5231,3.695,1.9833
44,10/22/2025,AVGO,338.86,348.01,337.22,347.36,5078675,-3.8,-1.109,10.7899,3.1997
45,10/22/2025,AVY,175.82,176.53,166.19,166.58,525513,12.29,7.5154,10.34,6.2218
46,10/22/2025,AWK,145.04,145.25,142.85,143.33,176071,0.8825,0.6122,2.4,1.6801
47,10/22/2025,AXON,686.84,709.77,683.35,709.77,165909,-20.205,-2.8577,26.42,3.8663
48,10/22/2025,AXP,353.28,357.73,352.88,355.28,774858,-1.94,-0.5461,4.8586,1.3769
49,10/22/2025,AZO,4021.27,4040,3974.38,4010,20624,15.0601,0.3759,65.625,1.6512
50,10/22/2025,BA,214.84,217.4,214.4,216.68,1612525,-2.425,-1.1162,3,1.3993
51,10/22/2025,BAC,50.84,51.58,50.76,51.49,11308162,-0.68,-1.3199,0.82,1.6155
52,10/22/2025,BALL,50.01,50.1,49.33,49.53,519272,0.675,1.3681,0.775,1.5712
53,10/22/2025,BAX,23.43,23.44,22.84,22.89,1384743,0.68,2.989,0.595,2.6045
54,10/22/2025,BBY,82.5,83,82.08,82.39,604968,-0.16,-0.1936,0.92,1.1209
55,10/22/2025,BDX,189.44,190.16,188.42,188.78,704253,0.41,0.2169,1.74,0.9235
56,10/22/2025,BEN,22.68,22.74,22.56,22.57,442504,0.035,0.1545,0.1849,0.8198
57,10/22/2025,BG,94.93,95.04,93.29,94.69,299590,0.195,0.2058,1.755,1.8813
58,10/22/2025,BIIB,148.59,149.12,146.25,147.37,376532,2.365,1.6174,2.8699,1.9623
59,10/22/2025,BK,106.71,107.48,105.36,107.14,1050778,-0.29,-0.271,2.12,2.0122
60,10/22/2025,BKNG,5263.48,5327.96,5245.45,5327.96,58162,-22.5151,-0.4259,82.5098,1.573
61,10/22/2025,BKR,47.82,47.9,46.72,47,2583585,1.07,2.2888,1.175,2.515
62,10/22/2025,BLDR,125.35,125.75,123.73,125.19,236257,-0.33,-0.2626,2.02,1.6326
63,10/22/2025,BLK,1130.32,1134.94,1126.44,1129.5,193730,0.3199,0.0283,8.4915,0.7538
64,10/22/2025,BMY,45.09,45.13,44.53,44.59,2939433,0.55,1.2348,0.605,1.3586
65,10/22/2025,BR,234.1,234.77,230.9,231.33,104769,1.78,0.7662,3.8685,1.6754
66,10/22/2025,BRO,88.76,89,87.3,87.54,435681,0.48,0.5437,1.7,1.9473
67,10/22/2025,BSX,104.51,105,101.52,103.1,8423724,4.61,4.6146,3.48,3.4279
68,10/22/2025,BX,161.46,162.12,160.26,161.24,886973,0.0322,0.02,1.855,1.1575
69,10/22/2025,BXP,72.93,73.04,71.95,72.2,221803,0.965,1.3408,1.09,1.5149
70,10/22/2025,C,96.69,98.48,95.73,98.19,4541389,-1.56,-1.5878,2.75,2.8727
71,10/22/2025,CAG,18.95,18.99,18.51,18.65,2825417,0.335,1.7991,0.475,2.5662
72,10/22/2025,CAH,159.41,160.49,157.79,159.3,289943,0.7325,0.4616,2.695,1.708
73,10/22/2025,CARR,58.37,60.57,58.07,60.17,3062202,-1.45,-2.4239,2.4971,4.3002
74,10/22/2025,CAT,513.6,525.8,512.66,525.73,1311678,-11.05,-2.1062,13.14,2.5631
75,10/22/2025,CB,275.6,277.61,272.2,275.86,1283042,6.34,2.3546,5.415,1.9894
76,10/22/2025,CBOE,236.54,237.57,231.6,234.15,196247,3.245,1.391,5.97,2.5777
77,10/22/2025,CBRE,161.62,162.95,161.01,161.45,817016,0.74,0.46,1.945,1.208
78,10/22/2025,CCI,98.65,98.86,97.78,98.52,534936,0.005,0.0051,1.08,1.1045
79,10/22/2025,CCL,29.89,30.37,29.84,30,5665708,-0.08,-0.2669,0.53,1.7761
80,10/22/2025,CDNS,333.8,336.49,331.95,333.44,551419,0.35,0.105,4.545,1.3692
81,10/22/2025,CDW,159.73,161.1,156.9,157.33,617922,3.2,2.0443,4.2,2.6769
82,10/22/2025,CEG,345.09,362.94,344.2,362,1446637,-13.7,-3.8184,18.7446,5.4459
83,10/22/2025,CF,85.22,85.23,83.42,83.5,457397,1.93,2.3172,1.81,2.1697
84,10/22/2025,CFG,51.27,51.31,50.87,51.14,1124394,0.44,0.8656,0.435,0.8551
85,10/22/2025,CHD,89.43,89.68,87.84,88.24,265653,1.44,1.6366,1.845,2.1004
86,10/22/2025,CHRW,128.68,129.2,127.79,128.31,254539,0.4,0.3118,1.41,1.1034
87,10/22/2025,CHTR,251.02,252.68,244.2,252.68,770539,-1.5,-0.594,8.485,3.4747
88,10/22/2025,CI,309.09,309.09,303.75,307.54,225202,1.59,0.5171,5.34,1.758
89,10/22/2025,CINF,156.62,157.79,155.9,157.24,137791,0.33,0.2111,1.895,1.2155
90,10/22/2025,CL,80.29,80.34,78.51,78.64,1909990,1.67,2.1241,1.8291,2.3298
91,10/22/2025,CLX,119.44,119.49,117.46,118.43,424058,-0.45,-0.3753,2.0296,1.7279
92,10/22/2025,CMCSA,29.9,30,29.47,29.94,5894236,-0.0724,-0.2416,0.53,1.7984
93,10/22/2025,CME,269.87,270.68,262.34,263.58,717180,1.26,0.4691,8.34,3.1791
94,10/22/2025,CMG,42.2,42.38,41.43,42.24,3989974,-0.16,-0.3777,0.952,2.298
95,10/22/2025,CMI,411.97,419.89,410.53,418.4,195405,-6,-1.4355,9.36,2.28
96,10/22/2025,CMS,75.36,75.43,74.4,74.81,272473,0.82,1.1001,1.025,1.3777
97,10/22/2025,CNC,36.23,36.53,35.81,36.26,3551797,0.13,0.3601,0.72,2.0106
98,10/22/2025,CNP,40.06,40.08,39.74,40,709528,0.035,0.0874,0.34,0.8557
99,10/22/2025,COF,224.35,228.42,222.29,227.01,3336254,7.3,3.3633,6.13,2.7577
100,10/22/2025,COIN,314.85,334.72,313.44,333.61,5844119,-23.77,-7.0197,21.28,6.7892
101,10/22/2025,COO,75.1,75.6,74.64,75,431405,0.1,0.1333,0.9599,1.286
102,10/22/2025,COP,87.71,87.73,86.55,87.27,1673294,1.305,1.5102,1.1758,1.3585
103,10/22/2025,COR,330.72,331.14,326.42,329.19,239455,1.9,0.5778,4.725,1.4475
104,10/22/2025,COST,949.29,953,932.83,940,578845,11.79,1.2576,20.1721,2.1625
105,10/22/2025,CPAY,288.97,291.77,286.31,288.21,93384,1.53,0.5323,5.4599,1.907
106,10/22/2025,CPB,31.68,31.72,31.01,31.07,3637498,0.61,1.9633,0.7057,2.2757
107,10/22/2025,CPRT,45.4,45.76,45.08,45.7,1325000,-0.355,-0.7758,0.68,1.5084
108,10/22/2025,CPT,104.72,104.92,102.91,103.76,127347,1.3,1.257,2.01,1.9532
109,10/22/2025,CRL,188.82,190.3,184.88,190.69,284844,0.565,0.3001,5.42,2.9316
110,10/22/2025,CRM,260,262.4,257.83,262.2,3674582,-3.41,-1.2946,4.57,1.7725
111,10/22/2025,CRWD,497.1,505.36,494,502.68,588829,-6.85,-1.3593,11.36,2.2996
112,10/22/2025,CSCO,70.02,70.97,69.96,70.73,5120440,-0.7,-0.9898,1.01,1.4437
113,10/22/2025,CSGP,77.57,77.79,76.46,77,589392,0.715,0.9304,1.335,1.7461
114,10/22/2025,CSX,36.31,36.44,35.96,36.15,3691485,0.58,1.6233,0.48,1.3348
115,10/22/2025,CTAS,195.31,197,193.96,196.56,294029,-1.18,-0.6005,3.04,1.5673
116,10/22/2025,CTRA,23.49,23.71,23.34,23.54,1086288,0.1656,0.7101,0.3655,1.5657
117,10/22/2025,CTSH,69.24,69.43,68.39,68.6,818722,0.47,0.6834,1.045,1.5281
118,10/22/2025,CTVA,62.85,62.93,61.95,61.9,2023834,0.885,1.4281,0.98,1.5819
119,10/22/2025,CVS,82.44,83.03,82.01,82.96,1637394,-0.6,-0.7225,1.02,1.2437
120,10/22/2025,CVX,155.24,155.27,154.39,154.65,1372437,1.445,0.9396,0.885,0.5732
121,10/22/2025,D,61.38,61.44,60.74,60.84,603025,0.505,0.8296,0.7,1.1524
122,10/22/2025,DAL,61.11,62.54,60.5,62,2574383,-1.2132,-1.9467,2.04,3.3719
123,10/22/2025,DASH,252.64,262.83,251.2,261.52,1249814,-9.33,-3.5615,11.63,4.6298
124,10/22/2025,DAY,68.38,68.38,68.33,68.35,1168554,0.035,0.0512,0.05,0.0732
125,10/22/2025,DD,80.16,81.07,79.76,80.71,425207,-0.97,-1.1956,1.3075,1.6393
126,10/22/2025,DDOG,154.7,157.55,153.14,157.55,632598,-1.55,-0.992,4.41,2.8797
127,10/22/2025,DE,470.25,470.69,460.13,460.13,521052,10.4344,2.2692,10.56,2.295
128,10/22/2025,DECK,101.98,103.56,101.47,102.8,686573,-0.98,-0.9518,2.0922,2.0619
129,10/22/2025,DELL,146.19,151.39,145.51,150.2,2270048,-3.24,-2.1682,5.88,4.041
130,10/22/2025,DG,104.51,105.51,102.96,105.05,698455,-0.995,-0.943,2.555,2.4815
131,10/22/2025,DGX,181.54,186.25,181.06,184.88,451270,-3.095,-1.6762,5.19,2.8665
132,10/22/2025,DHI,161.34,161.35,157.12,158,941216,2.71,1.7084,4.225,2.689
133,10/22/2025,DHR,218.63,222.97,215.28,222.5,2090093,-2.135,-0.9671,7.69,3.5721
134,10/22/2025,DIS,113.98,114.28,113.48,114,2647052,-0.32,-0.28,0.8,0.705
135,10/22/2025,DLR,170.39,173.39,169.98,172.53,359977,-1.24,-0.7225,3.41,2.0061
136,10/22/2025,DLTR,99.6,99.67,97.43,98.51,936444,0.65,0.6569,2.24,2.2991
137,10/22/2025,DOC,18.67,18.75,18.55,18.6,1416045,0.095,0.5113,0.2072,1.1173
138,10/22/2025,DOV,171.67,173.57,170.95,172.92,406339,-1.37,-0.7917,2.625,1.5355
139,10/22/2025,DOW,21.91,22.01,21.6,21.75,2795330,0.155,0.7126,0.4074,1.8861
140,10/22/2025,DPZ,422.5,422.7,416,420.52,138283,2.62,0.624,6.695,1.6094
141,10/22/2025,DRI,188.85,188.88,186.63,188.19,102054,1.36,0.7254,2.253,1.2072
142,10/22/2025,DTE,142.74,142.98,141.45,142.37,117975,0.47,0.3304,1.53,1.0817
143,10/22/2025,DUK,129.42,129.69,127.49,128.55,801827,1.09,0.8494,2.202,1.7272
144,10/22/2025,DVA,129.66,129.72,128.16,128.45,120753,1.25,0.9734,1.559,1.2164
145,10/22/2025,DVN,32.65,32.77,32.31,32.46,1796079,0.5855,1.8263,0.46,1.4237
146,10/22/2025,DXCM,71.32,71.96,69.75,70.43,1760880,1.57,2.2509,2.21,3.1685
147,10/22/2025,EA,200.6,200.86,200.31,200.46,786146,0.05,0.0249,0.55,0.2746
148,10/22/2025,EBAY,94.76,95.71,94.58,94.71,1048263,-0.22,-0.2316,1.125,1.1895
149,10/22/2025,ECL,276.45,278.3,275.59,277.59,444124,-1.74,-0.6255,2.71,0.9833
150,10/22/2025,ED,102.86,102.95,100.87,101.5,253946,1.295,1.2751,2.08,2.0621
151,10/22/2025,EFX,235.26,235.59,229,228.31,391290,5.33,2.3181,6.59,2.8777
152,10/22/2025,EG,350.01,351.85,347.12,349.29,50862,0.85,0.2434,4.7287,1.3623
153,10/22/2025,EIX,58.27,58.56,57.84,58.3,584099,-0.09,-0.1542,0.72,1.2448
154,10/22/2025,EL,98.61,99.81,97.53,97.86,1023741,0.07,0.071,2.275,2.3326
155,10/22/2025,ELV,344.99,348.26,337.91,346.98,1125310,-4.755,-1.3595,10.35,3.0629
156,10/22/2025,EME,653.68,699.91,646.55,695.03,230669,-36.27,-5.2569,53.355,8.2523
157,10/22/2025,EMN,62.02,62.22,61.54,61.83,224030,-0.13,-0.2092,0.685,1.1131
158,10/22/2025,EMR,130.7,133.54,130.16,133.18,419802,-1.4706,-1.1127,3.38,2.5968
159,10/22/2025,EOG,106.65,107.07,105.94,107.01,1172212,0.61,0.5753,1.135,1.0714
160,10/22/2025,EPAM,156.13,156.51,153.75,154.77,185836,1.055,0.6803,2.76,1.7951
161,10/22/2025,EQIX,822.42,828.34,821.16,824.66,84680,0.42,0.0511,7.181,0.8745
162,10/22/2025,EQR,63.83,63.87,62.59,63.09,629354,1.005,1.5998,1.28,2.0451
163,10/22/2025,EQT,54.1,56.98,53.76,55.3,3047456,-1.61,-2.89,3.215,5.9797
164,10/22/2025,ERIE,324.23,327.91,323.17,327.49,27858,-1.66,-0.5094,4.74,1.4667
165,10/22/2025,ES,73.44,73.54,72.65,73.21,461103,0.23,0.3142,0.89,1.225
166,10/22/2025,ESS,264.63,264.67,261.01,262.46,98569,2.65,1.0115,3.66,1.4022
167,10/22/2025,ETN,357.21,379.58,353.55,378.09,1632832,-16.25,-4.3512,26.025,7.3609
168,10/22/2025,ETR,96.2,96.48,95.59,95.98,451937,0.543,0.5676,0.89,0.9311
169,10/22/2025,EVRG,78.88,78.99,78.14,78.33,260992,0.76,0.9729,0.85,1.0878
170,10/22/2025,EW,77.92,78.33,76.4,76.8,1655599,1.895,2.4928,1.925,2.5195
171,10/22/2025,EXC,48.12,48.21,47.78,47.94,1138858,0.12,0.25,0.425,0.8895
172,10/22/2025,EXE,104.35,107.46,103.86,107.46,566126,-1.75,-1.6494,3.6,3.4662
173,10/22/2025,EXPD,120.57,121.39,120.02,120.46,125627,-0.46,-0.3801,1.37,1.1415
174,10/22/2025,EXPE,226.74,227.67,224.25,225,323346,0.6,0.2653,3.42,1.5251
175,10/22/2025,EXR,152.37,152.49,150.22,150.45,125905,1.82,1.2089,2.275,1.5144
176,10/22/2025,F,12.39,12.6,12.36,12.53,126398287,-0.175,-1.3933,0.235,1.9013
177,10/22/2025,FANG,144.7,144.86,142.48,143.1,481048,3.17,2.2398,2.38,1.6704
178,10/22/2025,FAST,43.24,43.46,43.09,43.1,1176040,-0.075,-0.1731,0.37,0.8587
179,10/22/2025,FCX,40.51,41.2,40.42,40.65,3701381,-0.8,-1.9366,0.775,1.9171
180,10/22/2025,FDS,293.71,293.95,289.2,292.54,113264,-0.395,-0.1343,4.755,1.6442
181,10/22/2025,FDX,244.34,245.2,242.09,243.67,214911,1.5,0.6177,3.11,1.2846
182,10/22/2025,FE,47.22,47.28,46.79,47.03,1386647,0.14,0.2974,0.49,1.0472
183,10/22/2025,FFIV,297.54,300.98,296.23,300,110665,-1.675,-0.5598,4.745,1.6018
184,10/22/2025,FI,126.51,126.7,124.46,125.86,857709,0.44,0.349,2.24,1.7998
185,10/22/2025,FICO,1573.53,1589.89,1548.78,1560.5,84424,7.7001,0.4918,41.115,2.6547
186,10/22/2025,FIS,68.61,68.75,67.38,68,1102774,0.915,1.3516,1.375,2.0408
187,10/22/2025,FITB,42.38,42.44,41.92,42.15,2431484,0.21,0.498,0.525,1.2525
188,10/22/2025,FOX,53.11,53.45,52.42,52.47,261842,0.6355,1.2112,1.03,1.9649
189,10/22/2025,FOXA,59.11,59.45,58.56,58.68,481433,0.38,0.647,0.89,1.5198
190,10/22/2025,FRT,100.77,100.77,99.68,100.64,84470,0.51,0.5087,1.09,1.0935
191,10/22/2025,FSLR,220.81,231.55,219.4,227.19,830913,-6.04,-2.6626,12.1502,5.5379
192,10/22/2025,FTNT,84.86,85.35,84.3,85,995916,0.0806,0.0951,1.048,1.2432
193,10/22/2025,FTV,49.5,49.94,49.37,49.74,326883,-0.28,-0.5625,0.57,1.1545
194,10/22/2025,GD,341.4,342.28,340,341.24,329368,0.71,0.2084,2.28,0.6706
195,10/22/2025,GDDY,133.72,134.23,131.37,131.9,242747,1,0.7535,2.864,2.1801
196,10/22/2025,GE,297.57,308.88,294.8,307.6,1961769,-9.06,-2.9547,14.08,4.7761
197,10/22/2025,GEHC,77,77.11,75.75,76.02,1065629,0.9,1.1827,1.36,1.7954
198,10/22/2025,GEN,27.26,27.33,27.13,27.3,539833,-0.095,-0.3472,0.205,0.7556
199,10/22/2025,GEV,544.5,609.54,532.72,607,5553684,-40.83,-6.9756,76.82,14.4203
200,10/22/2025,GILD,122.83,124.45,121.51,124.24,2027581,-1.2525,-1.0094,2.9399,2.4195
201,10/22/2025,GIS,49.59,49.71,48.35,48.51,1635446,1.02,2.1001,1.35,2.7919
202,10/22/2025,GL,135.06,136.59,134.23,136.1,139557,-0.95,-0.6985,2.365,1.762
203,10/22/2025,GLW,84.15,87.34,83.71,86.07,2825261,-1.895,-2.2022,3.63,4.3364
204,10/22/2025,GM,67.01,67.37,65.89,67.05,8101547,0.39,0.5854,1.48,2.2462
205,10/22/2025,GNRC,182.65,193.62,182.16,193,328350,-9.845,-5.1143,11.465,6.2939
206,10/22/2025,GOOG,253.16,257.18,252.87,255.04,9083827,1.82,0.7241,4.31,1.7044
207,10/22/2025,GOOGL,252.04,256.35,251.86,254.23,15319873,1.58,0.6308,4.4906,1.783
208,10/22/2025,GPC,134.17,134.7,133.27,134.51,319398,-0.34,-0.2528,1.43,1.073
209,10/22/2025,GPN,87.29,87.38,86.57,86.5,199098,-0.37,-0.4221,0.8,0.9241
210,10/22/2025,GRMN,250.49,253.58,249.85,251.64,101644,-0.85,-0.3382,3.73,1.4929
211,10/22/2025,GS,751.23,760.51,747.73,760.61,533849,-7.75,-1.0211,12.78,1.7092
212,10/22/2025,GWW,975.15,978.48,965.94,973.9,44280,3.61,0.3716,12.54,1.2982
213,10/22/2025,HAL,26.38,26.64,25.71,26.19,10291312,1.14,4.5166,0.9285,3.6114
214,10/22/2025,HAS,75.5,75.84,73.84,74.23,530626,0.67,0.8954,2,2.7086
215,10/22/2025,HBAN,15.98,16.01,15.82,15.92,7112426,0.035,0.2196,0.185,1.169
216,10/22/2025,HCA,440.2,440.66,432.39,434.7,492666,8.19,1.8958,8.27,1.9126
217,10/22/2025,HD,392.03,392.94,389.12,391.24,746978,1.13,0.2891,3.82,0.9817
218,10/22/2025,HIG,125.85,126.04,124.67,125.79,196906,0.75,0.5995,1.37,1.0989
219,10/22/2025,HII,285.03,288.05,283.83,288,75213,-2.5,-0.8695,4.22,1.4868
220,10/22/2025,HLT,278.12,279.6,272.12,274,1129768,12.16,4.5721,7.48,2.7488
221,10/22/2025,HOLX,73.96,74.22,73.95,74.05,4552851,-0.02,-0.027,0.275,0.3719
222,10/22/2025,HON,208.97,210.18,207.83,209.8,1052636,-0.11,-0.0526,2.355,1.1331
223,10/22/2025,HOOD,122.83,132.32,121.86,131.63,17953575,-9.01,-6.834,10.46,8.5836
224,10/22/2025,HPE,22.98,23.25,22.7,23.14,14703766,-0.295,-1.2677,0.54,2.3783
225,10/22/2025,HPQ,27.81,27.97,26.97,27.2,2595843,-0.35,-1.2429,0.995,3.6893
226,10/22/2025,HRL,24.33,24.46,23.92,24.06,1016109,0.255,1.059,0.545,2.2789
227,10/22/2025,HSIC,64.4,64.83,63.59,64.23,409131,0.17,0.2647,1.24,1.95
228,10/22/2025,HST,17,17.02,16.6,16.67,1545682,0.35,2.1021,0.425,2.5602
229,10/22/2025,HSY,184.68,186.12,181.81,185.74,430993,-1.45,-0.779,4.315,2.3734
230,10/22/2025,HUBB,425.5,438.27,422.02,437.78,172022,-9.79,-2.2491,16.245,3.8493
231,10/22/2025,HUM,291.52,295.2,291.01,295,305651,-3.685,-1.2483,4.1875,1.439
232,10/22/2025,HWM,192.73,200,190.53,197.79,575127,-4.45,-2.2568,9.47,4.9703
233,10/22/2025,IBKR,65.02,66.95,64.49,66.56,1389250,-1.25,-1.8862,2.46,3.8145
234,10/22/2025,IBM,287.02,287.91,281.35,281.99,2576125,4.97,1.7621,6.56,2.3316
235,10/22/2025,ICE,157,157.4,155.57,156.48,859023,0.21,0.1339,1.82,1.1699
236,10/22/2025,IDXX,634.49,642.41,632.39,642.41,104167,-2.64,-0.4144,10.02,1.5845
237,10/22/2025,IEX,168.24,169.76,167.37,169.48,75486,-1.09,-0.6437,2.385,1.425
238,10/22/2025,IFF,65.57,65.76,64.81,65.28,541654,0.555,0.8537,0.95,1.4658
239,10/22/2025,INTC,36.78,37.93,36.36,37.83,38238373,-1.335,-3.5021,1.57,4.3179
240,10/22/2025,INTU,676.1,682.34,671,674.2,449539,1.065,0.1578,11.335,1.6893
241,10/22/2025,INVH,29.06,29.1,28.56,28.81,998985,0.365,1.2722,0.545,1.9086
242,10/22/2025,IP,48.24,48.57,47.41,47.49,582523,0.565,1.185,1.16,2.4467
243,10/22/2025,IPG,28,28.19,26.7,26.78,3420555,1.06,3.9347,1.49,5.5805
244,10/22/2025,IQV,217.9,222,215.85,218.54,556174,-0.77,-0.3521,6.15,2.8492
245,10/22/2025,IR,80.5,80.57,79.19,79.63,688577,0.935,1.1752,1.38,1.7426
246,10/22/2025,IRM,102.96,104.82,102.7,104.16,181968,-1.455,-1.3935,2.12,2.0643
247,10/22/2025,ISRG,530.37,549.85,527.14,542.99,4886111,67.63,14.6151,22.71,4.3081
248,10/22/2025,IT,255,257.28,252.82,253.64,265468,-3.17,-1.2279,4.46,1.7641
249,10/22/2025,ITW,257.92,258.42,254.64,256.79,354122,0.78,0.3033,3.785,1.4864
250,10/22/2025,IVZ,22.87,23.07,22.79,22.97,646947,-0.07,-0.3051,0.2755,1.2086
251,10/22/2025,J,159.78,164.26,159.16,163.58,523305,-4.66,-2.8339,5.105,3.2075
252,10/22/2025,JBHT,169.48,169.69,167.35,168.96,420809,0.5,0.2959,2.34,1.3983
253,10/22/2025,JBL,197.73,202,195.58,201.72,424171,-3.3875,-1.6843,6.42,3.2825
254,10/22/2025,JCI,109.3,112.17,107.93,112,809254,-1.88,-1.6909,4.24,3.9285
255,10/22/2025,JKHY,158.58,158.99,155.88,156.38,155885,1.66,1.0579,3.11,1.9951
256,10/22/2025,JNJ,193.26,193.45,191.77,192,1946719,1.38,0.7192,1.675,0.8734
257,10/22/2025,JPM,293.42,298.06,293,297.77,2487371,-3.67,-1.2353,5.0599,1.7269
258,10/22/2025,K,82.94,83,82.84,83,329724,-0.04,-0.0482,0.16,0.1931
259,10/22/2025,KDP,27.83,28.09,27.58,27.73,4519143,0.155,0.5602,0.52,1.8858
260,10/22/2025,KEY,17.68,17.72,17.54,17.64,4404030,0.1401,0.7987,0.175,0.9977
261,10/22/2025,KEYS,167.16,168.2,165.7,166.43,150223,-0.18,-0.1076,2.4999,1.5087
262,10/22/2025,KHC,25.87,25.95,25.42,25.53,3339166,0.29,1.1337,0.525,2.0649
263,10/22/2025,KIM,22.42,22.44,22.16,22.3,579515,0.2056,0.9257,0.28,1.2635
264,10/22/2025,KKR,123.87,125.04,122.91,123.47,934382,0.189,0.1528,2.135,1.737
265,10/22/2025,KLAC,1122.39,1147.43,1109.62,1147.43,201822,-25.04,-2.1823,37.8101,3.4075
266,10/22/2025,KMB,121.66,121.99,119.54,120.12,489878,1.61,1.3411,2.45,2.0495
267,10/22/2025,KMI,27.35,27.64,27.25,27.56,3688569,-0.1499,-0.5451,0.3951,1.4502
268,10/22/2025,KMX,44.84,45.03,43.93,44.61,777327,0.14,0.3132,1.1,2.504
269,10/22/2025,KO,71.46,71.61,70.51,71.36,7984107,0.245,0.344,1.1002,1.5602
270,10/22/2025,KR,68.22,68.46,67.06,67.79,2043204,0.625,0.9246,1.4,2.0877
271,10/22/2025,KVUE,15.41,15.44,14.87,14.94,8592498,0.485,3.2485,0.57,3.8332
272,10/22/2025,L,100.11,100.25,99.24,99.67,103399,0.67,0.6738,1.01,1.0177
273,10/22/2025,LDOS,190.49,193.4,190.12,192.62,123434,-2.67,-1.3823,3.275,1.7226
274,10/22/2025,LEN,128.96,129.49,126.57,127.51,833324,0.725,0.5653,2.92,2.307
275,10/22/2025,LH,283.81,285.98,282.89,284.31,117899,-0.3199,-0.1126,3.09,1.0923
276,10/22/2025,LHX,292.87,293.5,291.09,292.3,270259,0.57,0.195,2.41,0.8279
277,10/22/2025,LII,524.52,568.98,521.27,550,603177,-24.47,-4.4573,47.71,9.1526
278,10/22/2025,LIN,452.73,454.96,447.75,449.51,646886,2.65,0.5888,7.21,1.6103
279,10/22/2025,LKQ,30.75,30.89,30.35,30.54,543895,0.165,0.5396,0.535,1.7628
280,10/22/2025,LLY,808.04,810.68,793.82,798.4,984842,8.47,1.0593,16.865,2.1245
281,10/22/2025,LMT,485.15,492.41,483.47,491.47,533788,-4.35,-0.8887,8.9408,1.8493
282,10/22/2025,LNT,68.46,68.62,68.13,68.54,237574,0.24,0.3518,0.49,0.7192
283,10/22/2025,LOW,245.55,245.91,242.56,244.28,558993,0.2833,0.1155,3.3528,1.3823
284,10/22/2025,LRCX,140.87,145.74,139.11,144.9,4683442,-4.17,-2.8751,6.6297,4.7658
285,10/22/2025,LULU,177.29,181.38,175.95,181.1,1538752,-4.105,-2.2631,5.4299,3.086
286,10/22/2025,LUV,34.2,34.75,34.06,34.36,2992834,-0.48,-1.3841,0.6899,2.0255
287,10/22/2025,LVS,50.14,50.6,49.86,50.3,909284,-0.48,-0.9482,0.74,1.4842
288,10/22/2025,LW,64.61,64.96,63.97,64.75,352341,-0.045,-0.0696,0.9936,1.5532
289,10/22/2025,LYB,45.74,45.92,44.88,45.16,1264699,0.53,1.1723,1.04,2.3173
290,10/22/2025,LYV,156.99,158.23,155.45,159.19,453129,-0.25,-0.159,2.78,1.7884
291,10/22/2025,MA,575.92,576.43,568.58,571.05,528320,3.8925,0.6805,7.8548,1.3815
292,10/22/2025,MAA,135.21,135.42,132.87,134.12,191499,1.815,1.3606,2.5495,1.9188
293,10/22/2025,MAR,276.35,276.8,268,268,558348,7.92,2.9505,8.8,3.2836
294,10/22/2025,MAS,70.03,70.35,69.44,69.86,294507,-0.15,-0.2137,0.91,1.3105
295,10/22/2025,MCD,311.67,312.79,307.14,308.22,778105,4.19,1.3627,5.6449,1.8379
296,10/22/2025,MCHP,65.61,66.06,63.73,65.21,2374318,-1.91,-2.8288,2.33,3.656
297,10/22/2025,MCK,793.99,794.52,782.52,792.64,95720,6.7,0.851,12,1.5335
298,10/22/2025,MCO,482.2,488.87,473.22,483.35,802323,-2.72,-0.5609,15.65,3.3071
299,10/22/2025,MDLZ,62.13,62.54,60.94,61.84,3005031,0.38,0.6154,1.6,2.6255
300,10/22/2025,MDT,96.44,97.24,95.55,96.58,2521813,0.61,0.6365,1.69,1.7687
301,10/22/2025,MET,79.2,79.5,78.62,79.26,443450,0.181,0.2291,0.875,1.1129
302,10/22/2025,META,732.74,740.59,728.34,733.4,3873726,-0.525,-0.0716,12.25,1.6819
303,10/22/2025,MGM,32.89,33,32.57,32.81,800129,-0.01,-0.0304,0.43,1.3202
304,10/22/2025,MHK,130.04,130.74,128.33,130.15,134249,-1.44,-1.0952,2.41,1.878
305,10/22/2025,MKC,68.63,68.94,67,67.08,1047714,1.72,2.5706,1.945,2.9032
306,10/22/2025,MLM,635.01,635.87,629.68,631.97,50947,2.98,0.4715,6.19,0.983
307,10/22/2025,MMC,189.02,189.99,187.77,189.07,711916,0.07,0.0371,2.22,1.1823
308,10/22/2025,MMM,167.78,169.18,166,167.16,1748850,1.1426,0.6857,3.18,1.9157
309,10/22/2025,MNST,70.46,70.46,68.84,69.09,1368152,1.5599,2.264,1.62,2.3533
310,10/22/2025,MO,64.35,64.51,63.79,64.1,1953335,0.595,0.9333,0.725,1.1365
311,10/22/2025,MOH,196.5,197.65,192.85,196.24,565815,-0.3,-0.1524,4.7999,2.4889
312,10/22/2025,MOS,29.38,29.45,28.95,29.25,2442574,0.19,0.6509,0.5,1.7271
313,10/22/2025,MPC,183.87,184.24,182.42,184.07,303963,0.995,0.5441,1.82,0.9977
314,10/22/2025,MPWR,1009,1022.76,993,1013.55,145719,-19.67,-1.9122,29.76,2.997
315,10/22/2025,MRK,88.47,88.79,87.03,87.68,2887953,0.855,0.9758,1.7598,2.0221
316,10/22/2025,MRNA,26.87,27.35,26.66,27.07,2497989,-0.6158,-2.2401,0.695,2.6074
317,10/22/2025,MS,158.9,159.7,157.97,159.57,1227284,-0.33,-0.2072,1.73,1.0951
318,10/22/2025,MSCI,544.95,545.74,535.99,539.83,183418,4.59,0.8494,9.75,1.8191
319,10/22/2025,MSFT,523.45,525.22,519.07,521.15,7723636,5.785,1.1175,6.15,1.1848
320,10/22/2025,MTB,183.1,183.36,181.62,182.03,378015,1.4,0.7705,1.74,0.958
321,10/22/2025,MTCH,33.2,33.33,32.87,32.94,744988,0.14,0.4235,0.46,1.3995
322,10/22/2025,MTD,1389.07,1398.32,1373.55,1382,84644,3.5,0.2526,24.7699,1.8033
323,10/22/2025,MU,197.77,205.58,194.56,202.25,9318762,-4.519,-2.2339,11.0163,5.6622
324,10/22/2025,NCLH,23.95,24.23,23.81,23.83,4263386,0.035,0.1463,0.415,1.743
325,10/22/2025,NDAQ,87.97,90.31,87.57,90.08,1447460,-2.36,-2.6126,2.74,3.1289
326,10/22/2025,NDSN,237.8,238.03,236.13,236.84,46276,0.07,0.0294,1.9,0.8046
327,10/22/2025,NEE,82.81,84.22,82.58,84.07,2521970,-1.18,-1.4049,1.64,1.986
328,10/22/2025,NEM,85.21,86.9,82.85,83.09,7070831,-1.105,-1.2801,4.05,4.8884
329,10/22/2025,NFLX,1116.92,1157.5,1114.65,1143.36,9026681,-124.4349,-10.0242,42.85,3.8443
330,10/22/2025,NI,43.97,44.06,43.65,43.97,913059,0.26,0.5948,0.41,0.9393
331,10/22/2025,NKE,68.9,69.02,67.96,68.22,2405478,0.5352,0.7829,1.06,1.5597
332,10/22/2025,NOC,601.85,605.96,596.88,597.07,347940,2.505,0.418,9.0799,1.5212
333,10/22/2025,NOW,945.75,948,927.9,941.79,420224,4.25,0.4514,20.0999,2.1662
334,10/22/2025,NRG,162.39,165.37,159.22,164.02,952424,-1.2,-0.7335,6.15,3.8626
335,10/22/2025,NSC,291.43,292.54,290.39,290.21,329817,1.65,0.5694,2.1464,0.7391
336,10/22/2025,NTAP,117.2,119.58,116.22,119.01,468869,-1.88,-1.5788,3.36,2.8911
337,10/22/2025,NTRS,126.43,126.78,122.78,124.5,826166,-2.095,-1.6301,3.995,3.2538
338,10/22/2025,NUE,138.7,140.49,138.3,139.2,363124,-1.825,-1.2987,2.19,1.5835
339,10/22/2025,NVDA,179.39,183.44,177.9,181.13,74203733,-1.77,-0.977,5.54,3.1141
340,10/22/2025,NVR,7752.33,7790,7615.91,7728.17,3622,-39.8037,-0.5108,174.0898,2.2859
341,10/22/2025,NWS,30.16,30.26,29.92,30.03,156035,0.16,0.5333,0.345,1.1533
342,10/22/2025,NWSA,26.52,26.61,26.27,26.42,472087,0.145,0.5497,0.34,1.2943
343,10/22/2025,NXPI,221.39,223.28,215.46,217.49,872903,-0.95,-0.4273,7.82,3.6294
344,10/22/2025,O,60.38,60.54,59.85,60.05,1396598,0.345,0.5747,0.685,1.1444
345,10/22/2025,ODFL,143.78,144.91,142.47,144.12,373345,-0.58,-0.4018,2.44,1.7126
346,10/22/2025,OKE,69.55,69.66,68.85,69.48,1092330,0.6013,0.8721,0.81,1.1765
347,10/22/2025,OMC,81.88,82.5,78.48,78.49,2843671,3.17,4.0274,4.02,5.1223
348,10/22/2025,ON,53.5,54.51,52.48,53,3719195,-1.58,-2.8686,2.035,3.8777
349,10/22/2025,ORCL,272.2,277.2,270.14,274.82,7212628,-2.955,-1.074,7.0553,2.6117
350,10/22/2025,ORLY,101.47,101.74,100.08,101.48,1302109,0.16,0.1579,1.6586,1.6573
351,10/22/2025,OTIS,92.62,92.81,92.17,92.34,504790,-0.08,-0.0863,0.6375,0.6916
352,10/22/2025,OXY,41.51,41.63,41.01,41.22,4283686,0.6,1.4666,0.62,1.5118
353,10/22/2025,PANW,212.15,215.17,211.34,214,1495026,-2.25,-1.0494,3.83,1.8122
354,10/22/2025,PAYC,205.05,206.49,204.51,206.08,94807,-1.805,-0.8726,1.985,0.9706
355,10/22/2025,PAYX,128.14,128.57,126.93,127.22,435841,0.6,0.4704,1.64,1.2921
356,10/22/2025,PCAR,101.04,102.42,99.2,100.37,1490311,1.19,1.1918,3.215,3.2409
357,10/22/2025,PCG,16.72,16.84,16.64,16.75,8366037,-0.03,-0.1791,0.2,1.2019
358,10/22/2025,PEG,83.55,84.02,83.18,84.02,490699,0.43,0.5173,0.845,1.0159
359,10/22/2025,PEP,154.58,155.18,152.71,153.17,1867357,1.4,0.914,2.47,1.6174
360,10/22/2025,PFE,24.86,24.93,24.7,24.79,16655472,0.015,0.0604,0.23,0.9312
361,10/22/2025,PFG,79.55,80.3,79.23,79.56,213015,0.16,0.2015,1.07,1.3505
362,10/22/2025,PG,152.89,153.46,150.79,151.3,2047137,1.2675,0.836,2.665,1.7674
363,10/22/2025,PGR,222.1,223.19,220.35,222.66,727230,0.5,0.2256,2.835,1.2866
364,10/22/2025,PH,758.8,759.77,751.5,759.41,116468,0.975,0.1287,8.2699,1.1005
365,10/22/2025,PHM,122.14,123.39,120.64,121.72,637073,-1.125,-0.9126,2.755,2.2837
366,10/22/2025,PKG,211.4,212.52,209.2,208.99,318404,3.27,1.5711,3.325,1.5894
367,10/22/2025,PLD,125.68,127.02,125.42,126.23,641867,-0.31,-0.246,1.6056,1.2802
368,10/22/2025,PLTR,172.25,182.21,169.42,181.85,30442286,-9.2605,-5.1019,12.79,7.5493
369,10/22/2025,PM,155.2,155.56,151,151.87,5241939,3.2,2.1053,4.56,3.0199
370,10/22/2025,PNC,181.81,182.34,180.42,182.51,606097,-0.1,-0.055,1.9199,1.0641
371,10/22/2025,PNR,110.68,111.14,108.81,109.39,398100,1.66,1.5227,2.33,2.1413
372,10/22/2025,PNW,93,93.08,91.95,92.27,152767,0.775,0.8403,1.13,1.2289
373,10/22/2025,PODD,332.95,335.26,331.08,332.98,144111,3.98,1.2098,4.18,1.2625
374,10/22/2025,POOL,303.24,303.64,298.1,300.78,287835,0.615,0.2032,5.5433,1.8595
375,10/22/2025,PPG,103.53,103.99,102.22,103.63,401975,-0.8525,-0.8167,1.765,1.7267
376,10/22/2025,PPL,37.85,38.03,37.61,37.73,1535949,0.335,0.8929,0.415,1.1034
377,10/22/2025,PRU,102.28,102.51,101.39,102.36,249115,0.415,0.4074,1.1222,1.1068
378,10/22/2025,PSA,310.82,311.14,307.11,307.86,161990,2.55,0.8272,4.0251,1.3106
379,10/22/2025,PSKY,16.51,16.73,16.41,16.47,1062193,0.005,0.0303,0.3191,1.9445
380,10/22/2025,PSX,129.27,129.5,127.97,129.16,471916,0.67,0.521,1.5299,1.1955
381,10/22/2025,PTC,204.36,205.83,203.99,205.83,168003,-0.19,-0.0929,1.8375,0.9008
382,10/22/2025,PWR,410.58,443.75,405.54,441.81,807349,-26.85,-6.1381,38.21,9.422
383,10/22/2025,PYPL,69.01,69.37,68.55,69.17,3036397,-1.035,-1.4775,0.82,1.1962
384,10/22/2025,QCOM,169.38,169.78,166.02,167.49,2927328,0.55,0.3258,3.76,2.2648
385,10/22/2025,RCL,316.86,322.33,315.92,318.39,710009,0.085,0.0268,6.405,2.0274
386,10/22/2025,REG,72.67,72.75,72.11,72.34,138184,0.51,0.7068,0.64,0.8875
387,10/22/2025,REGN,585.25,588.71,578.97,580.21,202281,5.91,1.0201,9.735,1.6814
388,10/22/2025,RF,24.35,24.46,24.15,24.35,19941342,-0.005,-0.0205,0.315,1.3046
389,10/22/2025,RJF,167.08,167.37,165.48,165.8,432323,1.33,0.8024,1.89,1.1421
390,10/22/2025,RL,332.43,336.19,330.53,334.21,85327,-2.55,-0.7612,5.66,1.7124
391,10/22/2025,RMD,268.67,270.56,267.8,269.68,196446,0.45,0.1678,2.765,1.0325
392,10/22/2025,ROL,56.88,57.03,56.12,56.33,320638,0.545,0.9675,0.91,1.6215
393,10/22/2025,ROP,518.59,519.1,509.19,510.98,240348,4.07,0.791,9.91,1.9462
394,10/22/2025,ROST,157.83,158,155.93,156.91,317847,1.42,0.9079,2.07,1.3275
395,10/22/2025,RSG,224.25,225.36,220.52,221.91,223688,3.31,1.4981,4.8363,2.1931
396,10/22/2025,RTX,176.13,178.71,173.92,174.49,3380902,3.09,1.7857,4.7901,2.7542
397,10/22/2025,RVTY,96.69,98.48,96.32,96.52,368667,-0.2,-0.2064,2.16,2.2425
398,10/22/2025,SBAC,199.32,199.86,196.62,197.53,145665,1.655,0.8373,3.24,1.6479
399,10/22/2025,SCHW,94.42,95.76,94.32,95.3,2248654,-0.67,-0.7046,1.44,1.5267
400,10/22/2025,SHW,337.73,338.31,333.21,337.78,546655,-0.71,-0.2098,5.095,1.529
401,10/22/2025,SJM,105.68,105.95,103.56,104.8,309170,0.94,0.8975,2.39,2.3078
402,10/22/2025,SLB,34.65,34.9,34,34.09,6710646,1.125,3.3562,0.9,2.6471
403,10/22/2025,SMCI,51.28,54.53,50.03,54.49,17371137,-3.545,-6.4666,4.5,8.9946
404,10/22/2025,SNA,345,347.9,342.12,346.38,73675,-0.73,-0.2112,5.78,1.6895
405,10/22/2025,SNPS,462.55,465.75,456.48,456.48,804545,3.51,0.7646,9.2727,2.0313
406,10/22/2025,SO,97.66,98.06,96.43,96.98,833254,0.66,0.6804,1.6249,1.685
407,10/22/2025,SOLV,73.4,73.7,72.43,72.78,194704,0.49,0.6721,1.2709,1.7547
408,10/22/2025,SPG,180.9,181.05,178.82,180.02,162203,2.175,1.217,2.235,1.2499
409,10/22/2025,SPGI,483.71,485.86,479.18,482.06,568945,-0.08,-0.0165,6.68,1.394
410,10/22/2025,SRE,91.81,93.24,91.77,93.09,434320,-0.48,-0.5201,1.4675,1.5991
411,10/22/2025,STE,243.63,244.48,242.68,244.23,276261,1.6,0.6611,1.805,0.7438
412,10/22/2025,STLD,150.69,154.82,150.41,152.68,460492,-3.13,-2.0348,4.405,2.9286
413,10/22/2025,STT,114.05,114.28,112.48,113.94,1027552,-0.31,-0.2711,1.8,1.6003
414,10/22/2025,STX,212.48,219.32,209,213.67,960200,-2.095,-0.9764,10.32,4.9378
415,10/22/2025,STZ,141.66,142.21,139.65,141,396774,0.095,0.0671,2.555,1.8295
416,10/22/2025,SW,43,43.27,42.44,42.45,935932,0.49,1.1527,0.83,1.9557
417,10/22/2025,SWK,70.21,71.05,69.68,70.49,319453,-0.655,-0.9244,1.365,1.9588
418,10/22/2025,SWKS,75.82,76.49,74.91,75.4,536120,-0.575,-0.7526,1.575,2.1025
419,10/22/2025,SYF,73.74,74.81,73.42,74,749683,-0.26,-0.3514,1.39,1.8932
420,10/22/2025,SYK,391.98,392.18,383.53,385.61,707340,12.22,3.2178,8.65,2.2554
421,10/22/2025,SYY,79.55,79.8,78.68,78.97,680481,0.39,0.4927,1.1216,1.4256
422,10/22/2025,T,25.73,25.83,24.32,24.92,40092660,-0.325,-1.2476,1.51,6.2089
423,10/22/2025,TAP,47.03,47.24,46.17,46.29,320411,0.485,1.0421,1.07,2.3175
424,10/22/2025,TDG,1330.81,1331.36,1318.15,1323.67,58482,1.64,0.1234,13.2051,1.0018
425,10/22/2025,TDY,555.73,557.58,531,559.78,300193,-18.02,-3.1407,26.58,5.0057
426,10/22/2025,TECH,63.81,64.79,62.9,63.36,341960,0.35,0.5515,1.895,3.0127
427,10/22/2025,TEL,230.63,237.5,229.36,234.5,993098,2.415,1.0582,8.14,3.549
428,10/22/2025,TER,138.78,142.78,137.05,141.53,743543,-4.55,-3.1745,5.725,4.1772
429,10/22/2025,TFC,44.03,44.3,43.92,44.07,2241307,0.2,0.4563,0.38,0.8652
430,10/22/2025,TGT,94.61,94.73,93.45,94.29,1815956,0.21,0.2225,1.28,1.3697
431,10/22/2025,TJX,144.29,144.62,143.29,144.4,1158778,0.38,0.264,1.325,0.9247
432,10/22/2025,TKO,185.74,187.6,184.75,187,287403,-0.42,-0.2256,2.85,1.5426
433,10/22/2025,TMO,564.17,571.29,550.95,555.5,1322991,6.185,1.1084,20.34,3.6918
434,10/22/2025,TMUS,227.09,227.85,218.77,225.43,2444384,-1.99,-0.8687,9.0772,4.1491
435,10/22/2025,TPL,913.1,936.5,909.82,930.88,33295,-15.53,-1.6724,26.6756,2.932
436,10/22/2025,TPR,115.69,118.44,114.55,117.19,792574,-1.45,-1.2378,3.895,3.4003
437,10/22/2025,TRGP,153.7,154.32,151.95,152.97,526030,2.29,1.5124,2.3699,1.5597
438,10/22/2025,TRMB,79.93,80.32,79.28,79.44,475513,0.28,0.3515,1.035,1.3055
439,10/22/2025,TROW,103.1,103.87,102.81,103.86,258731,-1.15,-1.1031,1.06,1.031
440,10/22/2025,TRV,268.77,271.74,267.9,270.34,233458,-0.57,-0.2116,3.84,1.4334
441,10/22/2025,TSCO,54.92,55.19,54.46,54.74,1544546,0.15,0.2739,0.73,1.3404
442,10/22/2025,TSLA,434.6,445.54,431.88,443.45,33962870,-8,-1.8075,13.664,3.1639
443,10/22/2025,TSN,53.17,53.21,51.93,52.28,656683,0.82,1.5664,1.275,2.4552
444,10/22/2025,TT,413.25,428.52,412.51,428.46,711832,-10.95,-2.5813,16.015,3.8823
445,10/22/2025,TTD,53.03,54.26,52.93,53.46,2955403,-0.89,-1.6506,1.33,2.5127
446,10/22/2025,TTWO,257.58,261.06,256.23,261,384110,-2.7,-1.0373,4.83,1.885
447,10/22/2025,TXN,170.87,173.08,163.04,163.96,12217029,-9.97,-5.5132,10.04,6.158
448,10/22/2025,TXT,82.93,83.57,82.8,82.96,437093,-0.09,-0.1084,0.7686,0.9283
449,10/22/2025,TYL,521.64,524.38,515.79,515.79,58634,2.95,0.5687,8.59,1.6654
450,10/22/2025,UAL,98.67,100.91,97.68,100.1,1703974,-1.445,-1.4434,3.23,3.3067
451,10/22/2025,UBER,92.28,93.42,91.81,92.77,3649154,-0.75,-0.8062,1.605,1.7482
452,10/22/2025,UDR,36.97,37.04,36.35,36.67,794373,0.38,1.0385,0.69,1.8982
453,10/22/2025,UHS,209.88,211.14,207.68,207.18,131097,3.085,1.4918,3.4625,1.6672
454,10/22/2025,ULTA,515.71,527,509.8,525.92,185104,-10.21,-1.9414,17.2,3.3739
455,10/22/2025,UNH,359.87,364,358,363.96,3366798,-5.5,-1.5053,6,1.676
456,10/22/2025,UNP,227.68,228.85,226.41,226.99,1244514,1.14,0.5032,2.435,1.0755
457,10/22/2025,UPS,87.97,88.21,87.16,87.75,1931775,-0.0905,-0.1028,1.05,1.2047
458,10/22/2025,URI,1002.22,1008.23,998.67,1003,135057,-0.075,-0.0075,9.56,0.9573
459,10/22/2025,USB,47.66,47.84,47.31,47.65,2415473,0.0499,0.1048,0.525,1.1096
460,10/22/2025,V,346.66,348.17,344.5,347.82,1517978,-0.5538,-0.1595,3.67,1.0653
461,10/22/2025,VICI,31.35,31.52,31.2,31.27,2466788,0.165,0.529,0.315,1.0095
462,10/22/2025,VLO,157.66,158.96,156.51,158.75,659232,-0.03,-0.019,2.45,1.5654
463,10/22/2025,VLTO,104.55,104.72,103.28,103.88,258068,0.76,0.7322,1.44,1.3943
464,10/22/2025,VMC,297.27,299.16,297.08,297.57,215616,-0.305,-0.1025,2.08,0.7002
465,10/22/2025,VRSK,237.83,239.41,235.95,237.19,404451,0.8032,0.3389,3.46,1.4664
466,10/22/2025,VRSN,264.83,268.33,264.52,266.46,247002,-1.625,-0.6098,3.81,1.4403
467,10/22/2025,VRTX,430.79,431.55,421.94,426.27,441306,4.515,1.0592,9.615,2.2788
468,10/22/2025,VST,181.58,189.5,179.65,187.55,2442242,-4.94,-2.6485,9.8499,5.4828
469,10/22/2025,VTR,70,70.96,69.99,70.32,234597,-0.24,-0.3417,0.97,1.3859
470,10/22/2025,VTRS,10.47,10.52,10.38,10.4,2032302,0.075,0.7218,0.135,1.3006
471,10/22/2025,VZ,40.1,40.21,38.92,39.57,16465907,-0.2043,-0.5069,1.29,3.3145
472,10/22/2025,WAB,196.44,198.23,186.06,193.87,877337,-1.5575,-0.7866,12.165,6.5382
473,10/22/2025,WAT,350.81,357.26,346.96,352.14,207652,1.5775,0.4517,10.3,2.9686
474,10/22/2025,WBD,20.5,21.22,20.38,20.68,24191003,0.175,0.8608,0.84,4.1217
475,10/22/2025,WDAY,246.8,247.4,243.45,246,490994,1.135,0.462,3.955,1.6246
476,10/22/2025,WDC,119.28,125.12,117.73,121.17,3054673,-2.135,-1.7585,7.39,6.2771
477,10/22/2025,WEC,117.4,117.85,116.32,116.9,466562,0.82,0.7034,1.525,1.311
478,10/22/2025,WELL,175.2,176.48,175.17,175.86,428381,0.075,0.0428,1.31,0.7478
479,10/22/2025,WFC,83.9,85.16,83.39,85.15,6625585,-0.86,-1.0146,1.77,2.1226
480,10/22/2025,WM,217.36,219.08,214.68,215.45,484557,2.47,1.1494,4.405,2.0519
481,10/22/2025,WMB,61.42,62.69,61.33,62.65,1705713,-0.925,-1.4838,1.36,2.2175
482,10/22/2025,WMT,107.6,107.66,105.65,106.55,5520500,1.375,1.2945,2.005,1.8977
483,10/22/2025,WRB,74.51,75.55,73.83,74.83,1039713,-0.49,-0.6533,1.7199,2.3295
484,10/22/2025,WSM,189.27,191.32,188.98,191.16,121192,-1.64,-0.859,2.3392,1.2378
485,10/22/2025,WST,280.39,283.54,277.71,277.38,407768,1,0.3579,5.83,2.0993
486,10/22/2025,WTW,331.77,332.43,329.61,331.59,84624,1.35,0.4086,2.825,0.8571
487,10/22/2025,WY,23.78,23.92,23.53,23.59,840452,0.0673,0.2838,0.3869,1.6443
488,10/22/2025,WYNN,119.72,121.46,118.93,121.26,203818,-1.405,-1.1599,2.53,2.1273
489,10/22/2025,XEL,80.76,81.35,80.65,80.89,895749,0.12,0.1488,0.695,0.8617
490,10/22/2025,XOM,114.42,114.51,113.09,113.45,3603889,1.71,1.5172,1.42,1.2556
491,10/22/2025,XYL,148.13,148.45,146.66,147.51,230324,0.945,0.642,1.785,1.2171
492,10/22/2025,XYZ,76.41,77.34,75.36,77.34,1573910,-1.3152,-1.692,1.979,2.626
493,10/22/2025,YUM,148.71,149.48,148.22,148.8,277412,0.185,0.1246,1.26,0.8501
494,10/22/2025,ZBH,105.9,106.88,103.49,103.49,1163300,3.21,3.1259,3.39,3.2757
495,10/22/2025,ZBRA,305.74,307.13,303.08,305.78,114723,-0.47,-0.1535,4.055,1.338
496,10/22/2025,ZTS,148.04,148.3,145.73,146.4,856154,1.95,1.3348,2.5738,1.7662
497,10/21/2025,A,145.68,149.5,144.27,145.3,1658400,0,0,5.23,3.6251
498,10/21/2025,AAPL,262.77,265.29,261.83,261.88,46659000,0,0,3.46,1.3215
499,10/21/2025,ABBV,231.39,232.81,229.83,232.15,3298100,0,0,2.98,1.2966
500,10/21/2025,ABNB,128.56,129.5,126.68,126.87,3330200,0,0,2.825,2.2301
501,10/21/2025,ABT,127.54,129.3,127.51,129,4934000,0,0,1.79,1.4038
502,10/21/2025,ACGL,87.7,88.06,86.35,86.84,1653200,0,0,1.71,1.9803
503,10/21/2025,ACN,250.51,252.09,242.52,242.52,4473900,0,0,9.57,3.9461
504,10/21/2025,ADBE,357.55,358.37,343.32,343.59,4384800,0,0,15.05,4.3837
505,10/21/2025,ADI,246.37,248.83,245.61,247.84,2361300,0,0,3.22,1.311
506,10/21/2025,ADM,61.72,63.33,61.07,63.1,2822600,0,0,2.26,3.7007
507,10/21/2025,ADP,283.98,285.41,282.29,283.46,1748200,0,0,3.12,1.1052
508,10/21/2025,ADSK,310.57,311.47,306.98,307.95,710300,0,0,4.49,1.4626
509,10/21/2025,AEE,104.92,106.17,104.48,106.01,890100,0,0,1.69,1.6175
510,10/21/2025,AEP,117.43,118,116.54,117.97,2395600,0,0,1.46,1.2528
511,10/21/2025,AES,14.32,14.5,14.19,14.48,4896900,0,0,0.31,2.1846
512,10/21/2025,AFL,108.18,109.04,107.69,108.49,2172400,0,0,1.35,1.2536
513,10/21/2025,AIG,78.38,78.6,77.35,77.71,2643300,0,0,1.25,1.616
514,10/21/2025,AIZ,210.84,211.92,208.64,209.16,172400,0,0,3.28,1.5721
515,10/21/2025,AJG,279.01,280.6,277.22,278.8,1424100,0,0,3.38,1.2193
516,10/21/2025,AKAM,76.13,76.52,74.05,74.25,1555900,0,0,2.47,3.3356
517,10/21/2025,ALB,91.34,94.86,90.92,94.5,2484800,0,0,3.94,4.3335
518,10/21/2025,ALGN,136.22,136.93,132.09,133.62,956800,0,0,4.84,3.6642
519,10/21/2025,ALL,193.74,195.29,193.69,195.29,1241000,0,0,1.6,0.8261
520,10/21/2025,ALLE,179.47,180.68,177.4,177.75,797900,0,0,3.28,1.8489
521,10/21/2025,AMAT,226,228.16,225.21,225.92,4556100,0,0,2.95,1.3099
522,10/21/2025,AMCR,8.14,8.18,8.11,8.15,11933800,0,0,0.07,0.8631
523,10/21/2025,AMD,238.03,242.26,234.02,239.39,47033200,0,0,8.24,3.5211
524,10/21/2025,AME,188.3,189.34,186.66,187,691300,0,0,2.68,1.4358
525,10/21/2025,AMGN,301.14,303.85,298.03,302.6,1533400,0,0,5.82,1.9528
526,10/21/2025,AMP,479.36,481.72,471.62,471.62,532500,0,0,10.1,2.1416
527,10/21/2025,AMT,192.37,194.4,190.85,192.15,1749500,0,0,3.55,1.8601
528,10/21/2025,AMZN,222.03,223.32,217.99,218.43,50071600,0,0,5.33,2.4451
529,10/21/2025,ANET,145.94,147.61,144.14,145.45,3647000,0,0,3.47,2.4074
530,10/21/2025,AON,343.43,346.37,342.18,343.8,981500,0,0,4.19,1.2245
531,10/21/2025,AOS,71,71.03,69.47,69.87,1151500,0,0,1.56,2.2456
532,10/21/2025,APA,22.58,22.73,22.14,22.5,4291700,0,0,0.59,2.6649
533,10/21/2025,APD,254.71,256.84,253.56,254.21,1058700,0,0,3.28,1.2936
534,10/21/2025,APH,124.44,128.09,124.35,127.81,7921400,0,0,3.74,3.0076
535,10/21/2025,APO,125.98,127.3,124.45,124.86,3604900,0,0,2.85,2.2901
536,10/21/2025,APP,552.64,568,547.13,567.69,4184300,0,0,20.871,3.8146
537,10/21/2025,APTV,85.59,86.67,83.29,83.91,1899700,0,0,3.38,4.0581
538,10/21/2025,ARE,76.79,77.2,75.84,76.81,1329000,0,0,1.36,1.7932
539,10/21/2025,ATO,177.04,178.49,176.44,178.21,692300,0,0,2.05,1.1619
540,10/21/2025,AVB,187.12,189.34,186.71,187.47,864200,0,0,2.63,1.4086
541,10/21/2025,AVGO,342.66,351.1,341.31,350,16007100,0,0,9.79,2.8684
542,10/21/2025,AVY,163.53,164.07,160.3,160.83,1109200,0,0,3.77,2.3518
543,10/21/2025,AWK,144.16,145.64,142.8,145.45,1096200,0,0,2.84,1.9888
544,10/21/2025,AXON,707.04,708.02,685,687.99,498500,0,0,23.02,3.3606
545,10/21/2025,AXP,355.22,356.67,350.79,352.09,2657700,0,0,5.88,1.6762
546,10/21/2025,AZO,4006.21,4015,3952.7,3985.4,102600,0,0,62.3,1.5761
547,10/21/2025,BA,217.26,217.7,215.55,217.21,4196000,0,0,2.15,0.9974
548,10/21/2025,BAC,51.52,52.37,51.44,52.09,27299200,0,0,0.93,1.8079
549,10/21/2025,BALL,49.34,49.88,49.24,49.72,2534600,0,0,0.64,1.2998
550,10/21/2025,BAX,22.75,23.14,22.58,23.03,6573000,0,0,0.56,2.4801
551,10/21/2025,BBY,82.66,83,80.37,80.8,3970500,0,0,2.63,3.2724
552,10/21/2025,BDX,189.03,192.66,187.57,192.04,2280200,0,0,5.09,2.7137
553,10/21/2025,BEN,22.65,22.78,22.43,22.43,2138800,0,0,0.35,1.5604
554,10/21/2025,BG,94.73,97.25,94.44,97.25,1884500,0,0,2.81,2.9754
555,10/21/2025,BIIB,146.22,147.89,144.29,146.09,895000,0,0,3.6,2.495
556,10/21/2025,BK,107,108.67,107,108.33,4875300,0,0,1.67,1.5607
557,10/21/2025,BKNG,5286,5309.89,5109,5140,304500,0,0,200.8901,3.9321
558,10/21/2025,BKR,46.75,47.41,45.63,46.54,11381500,0,0,1.78,3.9009
559,10/21/2025,BLDR,125.68,127.47,119.56,120,1482100,0,0,7.91,6.6159
560,10/21/2025,BLK,1130,1159.72,1129.47,1158.16,1052000,0,0,30.25,2.6782
561,10/21/2025,BMY,44.54,44.58,43.34,43.6,16460400,0,0,1.24,2.8611
562,10/21/2025,BR,232.32,233.25,228.49,230.3,356500,0,0,4.76,2.0832
563,10/21/2025,BRO,88.28,89.25,87.28,87.87,3970700,0,0,1.97,2.2571
564,10/21/2025,BSX,99.9,100.33,99.29,99.83,8925100,0,0,1.04,1.0474
565,10/21/2025,BX,161.43,162.66,159.81,159.99,2438900,0,0,2.85,1.7834
566,10/21/2025,BXP,71.97,72.32,70.53,70.67,1938500,0,0,1.79,2.5379
567,10/21/2025,C,98.25,99.4,97.97,98.93,9149300,0,0,1.43,1.4596
568,10/21/2025,CAG,18.62,18.67,18.43,18.62,7464700,0,0,0.24,1.3022
569,10/21/2025,CAH,158.68,158.93,156.81,157.96,1776800,0,0,2.12,1.352
570,10/21/2025,CARR,59.82,59.97,57.15,57.34,5984500,0,0,2.815,4.9256
571,10/21/2025,CAT,524.65,533.38,522.04,525.07,2258500,0,0,11.34,2.1723
572,10/21/2025,CB,269.26,269.89,266.4,267.14,2853400,0,0,3.49,1.3101
573,10/21/2025,CBOE,233.29,238.19,232.82,237.09,507600,0,0,5.37,2.3065
574,10/21/2025,CBRE,160.88,162.24,159.16,159.7,1289700,0,0,3.08,1.9352
575,10/21/2025,CCI,98.65,100.12,98.06,98.38,1804800,0,0,2.06,2.1008
576,10/21/2025,CCL,29.97,30.02,28.81,28.99,19394100,0,0,1.21,4.1999
577,10/21/2025,CDNS,333.45,335.12,327.11,327.53,1258400,0,0,8.01,2.4487
578,10/21/2025,CDW,156.53,157.37,153.8,153.8,1090800,0,0,3.57,2.3212
579,10/21/2025,CEG,358.79,369.55,355.2,369.36,2752100,0,0,14.348,4.0394
580,10/21/2025,CF,83.29,85.01,83.26,84.5,2617600,0,0,1.75,2.1018
581,10/21/2025,CFG,50.83,51.13,50.07,50.18,3958400,0,0,1.065,2.127
582,10/21/2025,CHD,87.99,88.23,87.11,87.45,2228500,0,0,1.12,1.2857
583,10/21/2025,CHRW,128.28,130.16,127.36,127.46,1106200,0,0,2.8,2.1985
584,10/21/2025,CHTR,252.52,255,249.17,251.37,1423200,0,0,5.83,2.3398
585,10/21/2025,CI,307.5,309.6,304.11,306.51,1381100,0,0,5.49,1.8053
586,10/21/2025,CINF,156.29,156.87,153.52,154.06,496200,0,0,3.35,2.1821
587,10/21/2025,CL,78.62,79.05,78.22,78.82,4446400,0,0,0.83,1.0611
588,10/21/2025,CLX,119.89,120.58,118.88,120.01,1505100,0,0,1.7,1.43
589,10/21/2025,CMCSA,29.97,29.99,29.49,29.65,30078100,0,0,0.5,1.6955
590,10/21/2025,CME,268.61,269.86,267.22,268.75,1779600,0,0,2.64,0.9879
591,10/21/2025,CMG,42.36,42.74,41.58,41.59,12050400,0,0,1.16,2.7898
592,10/21/2025,CMI,417.97,421.58,410.91,412,1107000,0,0,10.67,2.5967
593,10/21/2025,CMS,74.54,75.37,74.19,75.37,1613100,0,0,1.18,1.5905
594,10/21/2025,CNC,36.1,36.27,33.79,34.49,8228100,0,0,2.48,7.3394
595,10/21/2025,CNP,40.03,40.29,39.72,40.29,4157300,0,0,0.57,1.435
596,10/21/2025,COF,217.05,218.59,214.11,214.5,5337200,0,0,4.48,2.0924
597,10/21/2025,COIN,338.62,344.79,335.5,342.28,5951300,0,0,9.29,2.769
598,10/21/2025,COO,75,75.64,74.42,74.67,2595400,0,0,1.22,1.6393
599,10/21/2025,COP,86.41,87.68,86.24,87.25,5895000,0,0,1.44,1.6698
600,10/21/2025,COR,328.82,328.89,324.35,326.7,972200,0,0,4.54,1.3997
601,10/21/2025,COST,937.5,943.37,935,936.11,1447400,0,0,8.37,0.8952
602,10/21/2025,CPAY,287.44,290.14,284.42,284.51,354400,0,0,5.72,2.0111
603,10/21/2025,CPB,31.07,31.24,30.89,31.03,3435400,0,0,0.35,1.1331
604,10/21/2025,CPRT,45.76,45.89,44.65,44.83,5362700,0,0,1.24,2.7772
605,10/21/2025,CPT,103.42,104.3,102.81,103.43,546500,0,0,1.49,1.4493
606,10/21/2025,CRL,188.26,190.41,184.99,185,1049300,0,0,5.42,2.9299
607,10/21/2025,CRM,263.41,267.13,254,254.5,13346200,0,0,13.13,5.1693
608,10/21/2025,CRWD,503.95,507.6,498.35,501.24,1440100,0,0,9.25,1.8561
609,10/21/2025,CSCO,70.72,71.24,70.38,70.58,15754700,0,0,0.86,1.2219
610,10/21/2025,CSGP,76.85,76.98,74.13,74.64,2897300,0,0,2.85,3.8446
611,10/21/2025,CSX,35.73,36.65,35.7,36.62,20929400,0,0,0.95,2.6611
612,10/21/2025,CTAS,196.49,197.62,191.59,192.29,3359500,0,0,6.03,3.1473
613,10/21/2025,CTRA,23.32,23.6,23.24,23.43,5624800,0,0,0.36,1.5491
614,10/21/2025,CTSH,68.77,68.99,66.81,66.83,3402000,0,0,2.18,3.263
615,10/21/2025,CTVA,61.97,62.33,61.65,61.93,4074700,0,0,0.68,1.103
616,10/21/2025,CVS,83.04,83.52,82.08,82.36,6220100,0,0,1.44,1.7544
617,10/21/2025,CVX,153.79,155.29,153.21,154.74,6304300,0,0,2.08,1.3576
618,10/21/2025,D,60.87,61.75,60.45,61.63,3587900,0,0,1.3,2.1505
619,10/21/2025,DAL,62.32,62.91,61.18,61.46,7038900,0,0,1.73,2.8277
620,10/21/2025,DASH,261.97,267.25,259.86,266.62,2025300,0,0,7.39,2.8438
621,10/21/2025,DAY,68.34,68.49,68.25,68.38,3785900,0,0,0.24,0.3516
622,10/21/2025,DD,81.13,81.82,80.85,81,2242000,0,0,0.97,1.1998
623,10/21/2025,DDOG,156.25,159.04,155.57,156.3,2105100,0,0,3.475,2.2337
624,10/21/2025,DE,459.82,466.78,458.75,461.11,953900,0,0,8.03,1.7504
625,10/21/2025,DECK,102.96,104.1,100.86,101.58,2921100,0,0,3.24,3.2124
626,10/21/2025,DELL,149.43,151.3,145.09,147.95,5188100,0,0,6.21,4.2801
627,10/21/2025,DG,105.51,106.91,105.18,106.65,1931200,0,0,1.73,1.6448
628,10/21/2025,DGX,184.64,197.55,179.86,195.08,2889200,0,0,17.69,9.8354
629,10/21/2025,DHI,158.63,159.53,149.48,150.5,4191100,0,0,10.05,6.7233
630,10/21/2025,DHR,220.77,234.99,220.73,223.5,10740600,0,0,14.26,6.4604
631,10/21/2025,DIS,114.3,114.54,112.04,112.25,8159400,0,0,2.5,2.2313
632,10/21/2025,DLR,171.63,172.47,168.72,172.44,1391200,0,0,3.75,2.2226
633,10/21/2025,DLTR,98.95,99.65,97.58,98.6,3576400,0,0,2.07,2.1213
634,10/21/2025,DOC,18.58,18.79,18.54,18.75,4811400,0,0,0.25,1.3484
635,10/21/2025,DOV,173.04,173.63,168.29,168.29,1453300,0,0,5.34,3.1731
636,10/21/2025,DOW,21.75,22.07,21.57,21.69,10563500,0,0,0.505,2.3418
637,10/21/2025,DPZ,419.88,424.1,418.5,422.94,434400,0,0,5.6,1.3381
638,10/21/2025,DRI,187.49,188.98,187.09,188.06,830300,0,0,1.89,1.0102
639,10/21/2025,DTE,142.27,143.67,141.88,143.67,838700,0,0,1.79,1.2616
640,10/21/2025,DUK,128.33,129.5,127.26,129.5,2628800,0,0,2.24,1.7602
641,10/21/2025,DVA,128.41,129.11,127.28,128.09,372500,0,0,1.83,1.4378
642,10/21/2025,DVN,32.06,32.25,31.47,31.9,7512200,0,0,0.78,2.4786
643,10/21/2025,DXCM,69.75,69.83,67.99,68.68,4480100,0,0,1.84,2.7063
644,10/21/2025,EA,200.55,200.71,200.14,200.51,2620000,0,0,0.57,0.2848
645,10/21/2025,EBAY,94.98,96.28,93.36,95.77,4382200,0,0,2.92,3.1277
646,10/21/2025,ECL,278.19,280.91,276.84,279.29,1563200,0,0,4.07,1.4702
647,10/21/2025,ED,101.56,102,100.89,101.72,1116900,0,0,1.11,1.1002
648,10/21/2025,EFX,229.93,236.49,219.56,235.42,2100200,0,0,16.93,7.7109
649,10/21/2025,EG,349.16,351.14,348.31,350.05,186000,0,0,2.83,0.8125
650,10/21/2025,EIX,58.36,58.81,57.62,58.01,2192700,0,0,1.19,2.0653
651,10/21/2025,EL,98.54,102.46,98.32,102.46,5336900,0,0,4.14,4.2107
652,10/21/2025,ELV,349.75,354.58,337.01,344.7,4061800,0,0,17.57,5.2135
653,10/21/2025,EME,689.95,701.24,680.5,698.44,384400,0,0,20.74,3.0478
654,10/21/2025,EMN,62.15,62.56,61,61.36,1481100,0,0,1.56,2.5574
655,10/21/2025,EMR,132.17,133.07,129.27,129.98,1779100,0,0,3.8,2.9396
656,10/21/2025,EOG,106.04,107.23,106.01,106.8,4254000,0,0,1.22,1.1508
657,10/21/2025,EPAM,155.08,157.49,142.77,150.45,989000,0,0,14.72,10.3103
658,10/21/2025,EQIX,822,823.46,801.01,819.69,384900,0,0,22.45,2.8027
659,10/21/2025,EQR,62.82,63.49,62.37,62.62,2335500,0,0,1.12,1.7957
660,10/21/2025,EQT,55.71,56.88,55.58,55.86,6653900,0,0,1.3,2.339
661,10/21/2025,ERIE,325.89,327.63,316.19,317.02,126800,0,0,11.44,3.6181
662,10/21/2025,ES,73.21,74.19,72.91,74.14,2544100,0,0,1.28,1.7556
663,10/21/2025,ESS,261.98,263.88,260.68,261.29,472200,0,0,3.2,1.2276
664,10/21/2025,ETN,373.46,378.46,371.44,377.64,2334700,0,0,7.02,1.8899
665,10/21/2025,ETR,95.66,97.11,95.03,96.84,1999900,0,0,2.08,2.1888
666,10/21/2025,EVRG,78.12,78.8,77.68,78.65,1253100,0,0,1.12,1.4418
667,10/21/2025,EW,76.02,76.1,74.69,75.09,3792200,0,0,1.41,1.8878
668,10/21/2025,EXC,48,48.39,47.57,48.25,5343500,0,0,0.82,1.7238
669,10/21/2025,EXE,106.1,108.52,105.52,106.75,2281800,0,0,3,2.8431
670,10/21/2025,EXPD,121.03,121.92,120.17,120.27,523800,0,0,1.75,1.4563
671,10/21/2025,EXPE,226.14,227.32,217.94,217.94,1611900,0,0,9.38,4.3039
672,10/21/2025,EXR,150.55,152.09,150.31,151.73,789300,0,0,1.78,1.1842
673,10/21/2025,F,12.56,12.63,12.07,12.26,297068400,0,0,0.56,4.6396
674,10/21/2025,FANG,141.53,142.14,139.5,141.38,1410200,0,0,2.64,1.8925
675,10/21/2025,FAST,43.32,43.5,42.88,43.04,3994900,0,0,0.62,1.4459
676,10/21/2025,FCX,41.31,41.51,40.66,41.2,12923300,0,0,0.85,2.0905
677,10/21/2025,FDS,294.11,296.8,285.5,289.9,919100,0,0,11.3,3.958
678,10/21/2025,FDX,242.84,246.23,238.37,238.9,1142200,0,0,7.86,3.2974
679,10/21/2025,FE,47.08,47.43,46.74,47.43,3917000,0,0,0.69,1.4762
680,10/21/2025,FFIV,299.21,300.22,294,296.5,929600,0,0,6.22,2.1156
681,10/21/2025,FI,126.07,126.72,123.8,123.87,3085900,0,0,2.92,2.3586
682,10/21/2025,FICO,1565.83,1623.41,1564.6,1623.41,397100,0,0,58.8101,3.7588
683,10/21/2025,FIS,67.7,68.47,66.94,67.71,4143600,0,0,1.53,2.2856
684,10/21/2025,FITB,42.17,42.58,41.6,41.7,8797900,0,0,0.98,2.3558
685,10/21/2025,FOX,52.47,52.85,52.08,52.29,696200,0,0,0.77,1.4785
686,10/21/2025,FOXA,58.73,58.97,58.06,58.18,1613100,0,0,0.91,1.5672
687,10/21/2025,FRT,100.26,100.76,99.53,99.87,581400,0,0,1.23,1.2358
688,10/21/2025,FSLR,226.85,230.41,224.16,230.37,1304400,0,0,6.25,2.7882
689,10/21/2025,FTNT,84.78,85.12,81.1,83.41,4828900,0,0,4.02,4.9568
690,10/21/2025,FTV,49.78,50.16,49.1,49.17,1503500,0,0,1.055,2.1485
691,10/21/2025,GD,340.69,341.77,337.91,337.91,946500,0,0,3.86,1.1423
692,10/21/2025,GDDY,132.72,134.1,131.15,132.38,760600,0,0,2.954,2.2525
693,10/21/2025,GE,306.63,316.53,303.03,307.3,6724800,0,0,13.5,4.455
694,10/21/2025,GEHC,76.1,76.55,75.18,75.25,1644400,0,0,1.37,1.8223
695,10/21/2025,GEN,27.36,27.43,26.56,26.61,3337000,0,0,0.87,3.2756
696,10/21/2025,GEV,585.33,596.78,581.76,593.86,3943300,0,0,15.02,2.5818
697,10/21/2025,GILD,124.08,124.61,121.92,123.27,5558300,0,0,2.69,2.2064
698,10/21/2025,GIS,48.57,48.94,48.52,48.82,4987800,0,0,0.42,0.8656
699,10/21/2025,GL,136.01,137.66,135,135.86,587900,0,0,2.66,1.9704
700,10/21/2025,GLW,86.05,86.45,84.59,85.6,4984100,0,0,1.86,2.1988
701,10/21/2025,GM,66.62,67.55,62.36,63.76,43642500,0,0,5.19,8.3226
702,10/21/2025,GNRC,192.5,195.97,190.5,193.74,1029000,0,0,5.47,2.8714
703,10/21/2025,GOOG,251.34,255.38,244.67,255.25,27711200,0,0,10.71,4.3773
704,10/21/2025,GOOGL,250.46,254.88,244.15,254.74,46947200,0,0,10.73,4.3948
705,10/21/2025,GPC,134.51,136.87,130.62,133,2768800,0,0,6.25,4.7849
706,10/21/2025,GPN,87.66,88.22,86.5,86.99,1282400,0,0,1.72,1.9884
707,10/21/2025,GRMN,251.34,252.09,248.54,249.25,465100,0,0,3.55,1.4283
708,10/21/2025,GS,758.98,765.3,758.27,759,1781600,0,0,7.03,0.9271
709,10/21/2025,GWW,971.54,980.66,970.03,974.92,189800,0,0,10.6299,1.0958
710,10/21/2025,HAL,25.24,25.47,24.12,24.57,39826600,0,0,1.35,5.597
711,10/21/2025,HAS,74.83,75.56,74.07,74.51,1629300,0,0,1.49,2.0116
712,10/21/2025,HBAN,15.94,16.05,15.78,15.9,29782700,0,0,0.27,1.711
713,10/21/2025,HCA,432.01,434.97,430.11,433.71,1082700,0,0,4.86,1.1299
714,10/21/2025,HD,390.9,393.63,385.86,387.56,2306200,0,0,7.77,2.0137
715,10/21/2025,HIG,125.1,125.21,123.14,123.74,1841200,0,0,2.07,1.681
716,10/21/2025,HII,287.53,291.56,287.15,287.43,277900,0,0,4.41,1.5358
717,10/21/2025,HLT,265.96,267.25,259.46,260,2082100,0,0,7.79,3.0024
718,10/21/2025,HOLX,73.98,74.71,73.96,74.63,22349300,0,0,0.75,1.0141
719,10/21/2025,HON,209.08,210.61,205.88,206.14,3798800,0,0,4.73,2.2975
720,10/21/2025,HOOD,131.84,135.31,131.35,135.29,19394800,0,0,3.96,3.0148
721,10/21/2025,HPE,23.27,23.43,22.62,22.96,81268500,0,0,0.81,3.5809
722,10/21/2025,HPQ,28.16,28.5,27.67,27.73,8330400,0,0,0.83,2.9996
723,10/21/2025,HRL,24.08,24.16,23.93,24,4258000,0,0,0.23,0.9611
724,10/21/2025,HSIC,64.23,64.32,63.28,63.42,1154200,0,0,1.04,1.6435
725,10/21/2025,HST,16.65,16.83,16.48,16.52,6140500,0,0,0.35,2.1238
726,10/21/2025,HSY,186.13,187.52,185.31,187.3,905700,0,0,2.21,1.1926
727,10/21/2025,HUBB,435.29,437.69,427.88,431.42,341478,0,0,9.812,2.2932
728,10/21/2025,HUM,295.2,295.49,281.93,284.67,1909900,0,0,13.56,4.8097
729,10/21/2025,HWM,197.18,197.84,193.08,193.24,2022000,0,0,4.76,2.4653
730,10/21/2025,IBKR,66.27,67.59,65.88,66.75,3764100,0,0,1.71,2.5956
731,10/21/2025,IBM,282.05,285.31,281.6,283.31,4077100,0,0,3.71,1.3175
732,10/21/2025,ICE,156.79,157.36,155.01,155.07,3560000,0,0,2.35,1.516
733,10/21/2025,IDXX,637.13,643,630.49,641.64,408100,0,0,12.51,1.9842
734,10/21/2025,IEX,169.33,170.99,166.24,166.5,412000,0,0,4.75,2.8573
735,10/21/2025,IFF,65.01,65.31,64.01,64.65,1660200,0,0,1.3,2.0309
736,10/21/2025,INTC,38.12,38.35,37.67,38.14,72899900,0,0,0.68,1.8052
737,10/21/2025,INTU,675.04,676.88,661,665.67,1201600,0,0,15.88,2.4024
738,10/21/2025,INVH,28.69,28.99,28.5,28.6,4045700,0,0,0.485,1.7018
739,10/21/2025,IP,47.68,48.64,47.29,47.82,3301100,0,0,1.35,2.8547
740,10/21/2025,IPG,26.94,27.25,26.6,26.6,4612400,0,0,0.65,2.4436
741,10/21/2025,IQV,218.67,219.93,212.5,214.64,2708300,0,0,7.43,3.4965
742,10/21/2025,IR,79.56,80.61,77.76,77.78,1848800,0,0,2.85,3.6651
743,10/21/2025,IRM,104.41,106.06,102.79,105.44,863200,0,0,3.27,3.1812
744,10/21/2025,ISRG,462.74,466.98,456.31,459.47,4722000,0,0,10.67,2.3383
745,10/21/2025,IT,258.17,261.1,239.62,241.06,1314700,0,0,21.48,8.9642
746,10/21/2025,ITW,257.14,258.17,251.41,251.68,1077200,0,0,6.76,2.6888
747,10/21/2025,IVZ,22.94,23.1,22.72,22.77,3808400,0,0,0.38,1.6725
748,10/21/2025,J,164.44,166.22,161.99,162.58,1905500,0,0,4.23,2.6113
749,10/21/2025,JBHT,168.98,169.31,164.61,165.51,1182200,0,0,4.7,2.8552
750,10/21/2025,JBL,201.12,204.09,200.72,203.36,1134600,0,0,3.37,1.679
751,10/21/2025,JCI,111.18,111.59,109.73,110.22,3962600,0,0,1.86,1.6951
752,10/21/2025,JKHY,156.92,157.75,154.14,154.14,775300,0,0,3.61,2.342
753,10/21/2025,JNJ,191.88,193.55,191.77,193.01,6716000,0,0,1.78,0.9282
754,10/21/2025,JPM,297.09,304.05,297,301.66,7367300,0,0,7.05,2.3737
755,10/21/2025,K,82.98,83.05,82.9,83.05,1360500,0,0,0.15,0.1809
756,10/21/2025,KDP,27.67,27.98,27.64,27.84,10674200,0,0,0.34,1.2301
757,10/21/2025,KEY,17.54,17.67,17.31,17.35,15170500,0,0,0.36,2.0797
758,10/21/2025,KEYS,167.34,168.6,164.4,164.4,732500,0,0,4.2,2.5548
759,10/21/2025,KHC,25.58,25.86,25.54,25.81,12593000,0,0,0.32,1.2529
760,10/21/2025,KIM,22.21,22.34,21.9,22.03,5406500,0,0,0.44,2.0091
761,10/21/2025,KKR,123.68,124.48,120.06,120.5,4901000,0,0,4.42,3.6815
762,10/21/2025,KLAC,1147.43,1156.32,1138.59,1140.81,744700,0,0,17.73,1.5572
763,10/21/2025,KMB,120.05,121.03,119.95,120.8,1876200,0,0,1.08,0.9004
764,10/21/2025,KMI,27.5,27.63,27.36,27.62,11438600,0,0,0.27,0.9868
765,10/21/2025,KMX,44.7,45.14,42.94,43.2,3117100,0,0,2.2,5.1234
766,10/21/2025,KO,71.22,71.39,70.23,70.57,33635200,0,0,1.16,1.6517
767,10/21/2025,KR,67.6,68.75,67.46,68.75,5950600,0,0,1.29,1.9122
768,10/21/2025,KVUE,14.93,15.25,14.81,15.1,25560700,0,0,0.445,3.0057
769,10/21/2025,L,99.44,99.88,99.05,99.26,485800,0,0,0.83,0.838
770,10/21/2025,LDOS,193.16,193.72,190.5,190.81,855500,0,0,3.22,1.6903
771,10/21/2025,LEN,128.24,129.58,122.3,123.57,4170000,0,0,7.28,5.9526
772,10/21/2025,LH,284.13,293.72,282.49,292.03,640000,0,0,11.23,3.9754
773,10/21/2025,LHX,292.3,293.82,288.55,290.4,982200,0,0,5.27,1.8264
774,10/21/2025,LII,548.99,553.68,532.31,534.74,784800,0,0,21.37,4.0146
775,10/21/2025,LIN,450.08,452.45,448.38,450.55,1766100,0,0,4.07,0.9077
776,10/21/2025,LKQ,30.58,30.81,30,30.12,1963900,0,0,0.81,2.7
777,10/21/2025,LLY,799.57,812.99,798.71,806.93,2096600,0,0,14.28,1.7879
778,10/21/2025,LMT,489.5,506.6,482.71,482.71,2868900,0,0,23.89,4.9491
779,10/21/2025,LNT,68.22,68.95,67.79,68.59,1766400,0,0,1.16,1.7112
780,10/21/2025,LOW,245.27,247,241,241.88,2055700,0,0,6,2.4896
781,10/21/2025,LRCX,145.04,145.44,142.47,143.98,8848400,0,0,2.97,2.0847
782,10/21/2025,LULU,181.39,183.05,172.93,173.18,6676300,0,0,10.12,5.8521
783,10/21/2025,LUV,34.68,34.98,34.06,34.12,9404300,0,0,0.92,2.7011
784,10/21/2025,LVS,50.62,50.77,49.2,49.58,3814900,0,0,1.57,3.1911
785,10/21/2025,LW,64.65,65.9,64.48,65.87,2410800,0,0,1.42,2.2022
786,10/21/2025,LYB,45.21,45.98,45.02,45.65,4763700,0,0,0.96,2.1324
787,10/21/2025,LYV,157.24,158.39,156.69,156.71,1218100,0,0,1.7,1.0849
788,10/21/2025,MA,572.03,575.98,560.77,562.16,2721100,0,0,15.21,2.7123
789,10/21/2025,MAA,133.4,134.28,132.17,133.21,1004900,0,0,2.11,1.5964
790,10/21/2025,MAR,268.43,269.58,262.04,263.01,1528900,0,0,7.54,2.8774
791,10/21/2025,MAS,70.18,70.51,68,68.19,1437900,0,0,2.51,3.6912
792,10/21/2025,MCD,307.48,308.55,306.39,308.55,2461100,0,0,2.16,0.705
793,10/21/2025,MCHP,67.52,68,66.31,66.96,5611300,0,0,1.69,2.5486
794,10/21/2025,MCK,787.29,788.92,780.9,787.82,586300,0,0,8.02,1.027
795,10/21/2025,MCO,484.92,486.59,474.64,477.13,1334200,0,0,11.95,2.5177
796,10/21/2025,MDLZ,61.75,63.24,61.54,62.88,9149800,0,0,1.7,2.7624
797,10/21/2025,MDT,95.83,96.16,95.24,95.62,4405000,0,0,0.92,0.966
798,10/21/2025,MET,79.02,79.57,78.49,78.78,2888200,0,0,1.08,1.376
799,10/21/2025,META,733.27,738.5,728.75,736.02,7629800,0,0,9.75,1.3379
800,10/21/2025,MGM,32.9,32.99,31.76,31.8,3978200,0,0,1.23,3.8728
801,10/21/2025,MHK,131.48,132.24,126.75,127.48,601500,0,0,5.49,4.3314
802,10/21/2025,MKC,66.91,67.81,66.85,67.79,2114900,0,0,0.96,1.436
803,10/21/2025,MLM,632.03,634.04,621.71,626,278100,0,0,12.33,1.9832
804,10/21/2025,MMC,188.95,191.07,188.12,189.25,2751700,0,0,2.95,1.5682
805,10/21/2025,MMM,166.64,166.82,152.8,158,7292200,0,0,14.02,9.1754
806,10/21/2025,MNST,68.9,69.99,68.59,69.83,5866800,0,0,1.4,2.0411
807,10/21/2025,MO,63.75,64.59,62.95,64.45,9156300,0,0,1.64,2.6052
808,10/21/2025,MOH,196.8,199.22,187.23,193.87,1545800,0,0,11.99,6.4039
809,10/21/2025,MOS,29.19,29.46,28.92,29.34,4460500,0,0,0.54,1.8672
810,10/21/2025,MPC,182.87,186.7,182.61,186.11,1282300,0,0,4.09,2.2397
811,10/21/2025,MPWR,1028.67,1035.7,1012.35,1027.32,255000,0,0,23.35,2.3065
812,10/21/2025,MRK,87.62,87.67,86.23,86.96,9850100,0,0,1.44,1.6699
813,10/21/2025,MRNA,27.49,27.59,26.65,27.25,6143200,0,0,0.94,3.5272
814,10/21/2025,MS,159.23,162.06,159.19,161.45,4220000,0,0,2.87,1.8029
815,10/21/2025,MSCI,540.36,545.32,531.78,531.78,686200,0,0,13.54,2.5462
816,10/21/2025,MSFT,517.66,518.69,513.04,517.5,15574000,0,0,5.65,1.1013
817,10/21/2025,MTB,181.7,182.9,181.03,181.42,1932600,0,0,1.87,1.033
818,10/21/2025,MTCH,33.06,33.26,32.77,32.96,2985700,0,0,0.49,1.4953
819,10/21/2025,MTD,1385.57,1405.29,1349.07,1365.56,175100,0,0,56.2201,4.1673
820,10/21/2025,MU,202.29,205.87,200.84,204.3,13687900,0,0,5.03,2.5045
821,10/21/2025,NCLH,23.92,24.03,23.29,23.33,13585400,0,0,0.74,3.1773
822,10/21/2025,NDAQ,90.33,92.92,90.11,90.5,4339000,0,0,2.81,3.1184
823,10/21/2025,NDSN,237.73,240.46,233.39,235.03,200600,0,0,7.07,3.0293
824,10/21/2025,NEE,83.99,85.11,83.03,85,7280700,0,0,2.08,2.5051
825,10/21/2025,NEM,86.32,89.03,85.4,89.03,16958800,0,0,3.63,4.2506
826,10/21/2025,NFLX,1241.35,1248.6,1231.76,1242.83,6394800,0,0,16.84,1.3671
827,10/21/2025,NI,43.71,44.12,43.44,43.95,4002900,0,0,0.68,1.5654
828,10/21/2025,NKE,68.36,69.29,67.41,67.75,9652100,0,0,1.88,2.7889
829,10/21/2025,NOC,599.35,604.89,571.36,589.96,1750700,0,0,33.53,5.8685
830,10/21/2025,NOW,941.5,944.44,910.28,917.5,1259800,0,0,34.16,3.7527
831,10/21/2025,NRG,163.59,167.91,160.19,166.52,2071000,0,0,7.72,4.8193
832,10/21/2025,NSC,289.78,292.08,288.98,290.11,993100,0,0,3.1,1.0727
833,10/21/2025,NTAP,119.08,119.65,116.66,116.66,1207800,0,0,2.99,2.563
834,10/21/2025,NTRS,128.52,129.81,127.66,128.73,923200,0,0,2.15,1.6842
835,10/21/2025,NUE,140.52,141.37,135.16,135.16,1608400,0,0,6.21,4.5945
836,10/21/2025,NVDA,181.16,182.79,179.8,182.79,123928000,0,0,2.99,1.663
837,10/21/2025,NVR,7792.13,7827.92,7600.22,7640.91,24000,0,0,227.6997,2.996
838,10/21/2025,NWS,30,30.25,29.87,29.9,478700,0,0,0.38,1.2722
839,10/21/2025,NWSA,26.38,26.63,26.3,26.39,2226700,0,0,0.33,1.2548
840,10/21/2025,NXPI,222.34,224.27,218.51,219.34,1935400,0,0,5.76,2.636
841,10/21/2025,O,60.03,60.9,59.69,60.7,5305300,0,0,1.21,2.0271
842,10/21/2025,ODFL,144.36,145,139.74,140.14,1862700,0,0,5.26,3.7641
843,10/21/2025,OKE,68.95,69.27,68.11,68.75,3041300,0,0,1.16,1.7031
844,10/21/2025,OMC,78.71,79.68,77.94,78.24,4061800,0,0,1.74,2.2325
845,10/21/2025,ON,55.08,55.5,53.42,54.7,9772200,0,0,2.08,3.8937
846,10/21/2025,ORCL,275.15,280.3,272.26,278.11,18322000,0,0,8.04,2.9531
847,10/21/2025,ORLY,101.31,101.56,100.48,100.95,5041900,0,0,1.08,1.0748
848,10/21/2025,OTIS,92.7,92.76,90.84,90.96,1714400,0,0,1.92,2.1136
849,10/21/2025,OXY,40.91,41.35,40.62,41,8554700,0,0,0.73,1.7971
850,10/21/2025,PANW,214.4,215.09,211.19,212.04,3834300,0,0,3.9,1.8467
851,10/21/2025,PAYC,206.86,207.32,200.42,201.09,510800,0,0,6.905,3.4453
852,10/21/2025,PAYX,127.54,128.78,125.71,126.66,2380300,0,0,3.07,2.4421
853,10/21/2025,PCAR,99.85,101.56,97.01,98.71,5682900,0,0,4.55,4.6902
854,10/21/2025,PCG,16.75,17.07,16.71,16.73,21186900,0,0,0.36,2.1544
855,10/21/2025,PEG,83.12,85.07,82.63,84.97,1959000,0,0,2.44,2.9529
856,10/21/2025,PEP,153.18,155.19,152.84,154.7,5612300,0,0,2.35,1.5376
857,10/21/2025,PFE,24.85,24.96,24.6,24.72,40676200,0,0,0.36,1.4634
858,10/21/2025,PFG,79.39,79.97,78.94,79.01,1171300,0,0,1.03,1.3048
859,10/21/2025,PG,151.62,152.28,150.87,151.96,6012900,0,0,1.41,0.9346
860,10/21/2025,PGR,221.6,222.64,218.01,220,2746600,0,0,4.63,2.1238
861,10/21/2025,PH,757.83,758.32,738.13,738.13,409500,0,0,20.19,2.7353
862,10/21/2025,PHM,123.27,124.79,115.11,115.9,4706800,0,0,9.68,8.4093
863,10/21/2025,PKG,208.13,208.62,204.75,206.23,692800,0,0,3.87,1.8901
864,10/21/2025,PLD,125.99,127.5,125.64,126.94,2975100,0,0,1.86,1.4804
865,10/21/2025,PLTR,181.51,182.39,178.65,182.06,27455100,0,0,3.739,2.0929
866,10/21/2025,PM,152,155.93,142.33,154.67,28414400,0,0,13.6,9.5553
867,10/21/2025,PNC,181.91,183.32,181.25,182.31,3395600,0,0,2.07,1.1421
868,10/21/2025,PNR,109.02,109.78,103.86,107.7,2260100,0,0,5.92,5.7
869,10/21/2025,PNW,92.23,93.13,91.95,93.13,1313000,0,0,1.18,1.2833
870,10/21/2025,PODD,328.97,329.97,322.83,325.84,441400,0,0,7.14,2.2117
871,10/21/2025,POOL,302.63,305.63,293.6,294.95,797800,0,0,12.03,4.0974
872,10/21/2025,PPG,104.38,104.84,101.9,102.17,1790700,0,0,2.94,2.8852
873,10/21/2025,PPL,37.52,38.23,37.21,38.12,7778300,0,0,1.02,2.7412
874,10/21/2025,PRU,101.86,102.43,101.09,101.16,1127500,0,0,1.34,1.3256
875,10/21/2025,PSA,308.27,312.95,308.16,312,973900,0,0,4.79,1.5544
876,10/21/2025,PSKY,16.51,17.29,16.45,17.15,4345600,0,0,0.84,5.1064
877,10/21/2025,PSX,128.6,130.64,126.92,130.56,2308900,0,0,3.72,2.931
878,10/21/2025,PTC,204.55,206.82,203.59,204.84,622700,0,0,3.23,1.5865
879,10/21/2025,PWR,437.43,441.1,423.3,437.52,926700,0,0,17.8,4.2051
880,10/21/2025,PYPL,70.05,70.36,68.83,69.02,9012800,0,0,1.53,2.2229
881,10/21/2025,QCOM,168.83,169.24,166.2,166.8,6172200,0,0,3.04,1.8291
882,10/21/2025,RCL,316.78,317.79,303.96,305.47,1691000,0,0,13.83,4.5499
883,10/21/2025,REG,72.16,72.83,71.94,72.22,853300,0,0,0.89,1.2371
884,10/21/2025,REGN,579.34,582.41,572.82,574.6,651600,0,0,9.59,1.6742
885,10/21/2025,RF,24.36,24.5,23.89,23.89,52041300,0,0,0.61,2.5534
886,10/21/2025,RJF,165.75,166.28,163.87,163.87,1031500,0,0,2.41,1.4707
887,10/21/2025,RL,334.98,340.61,331.64,334.28,398000,0,0,8.97,2.7047
888,10/21/2025,RMD,268.22,270.81,266.31,268.02,791600,0,0,4.5,1.6898
889,10/21/2025,ROL,56.33,56.49,55.76,55.97,1088400,0,0,0.73,1.3092
890,10/21/2025,ROP,514.52,517.5,505.9,507.28,622300,0,0,11.6,2.2929
891,10/21/2025,ROST,156.41,157.6,156.37,156.63,1457000,0,0,1.23,0.7866
892,10/21/2025,RSG,220.94,221.38,219.01,219.98,911800,0,0,2.37,1.0821
893,10/21/2025,RTX,173.04,178.76,170.26,171.81,12293100,0,0,8.5,4.9924
894,10/21/2025,RVTY,96.89,98.29,95.8,96.79,1124300,0,0,2.49,2.5992
895,10/21/2025,SBAC,197.67,198.27,195.74,196.99,570100,0,0,2.53,1.2925
896,10/21/2025,SCHW,95.09,95.41,93.8,94.57,7450900,0,0,1.61,1.7164
897,10/21/2025,SHW,338.44,340.91,330.62,331.24,2268400,0,0,10.29,3.1123
898,10/21/2025,SJM,104.74,105.88,104.71,105.5,874600,0,0,1.17,1.1174
899,10/21/2025,SLB,33.52,33.98,33.12,33.72,18031300,0,0,0.86,2.5966
900,10/21/2025,SMCI,54.82,55.35,53.91,55.16,28979200,0,0,1.44,2.6711
901,10/21/2025,SNA,345.73,347.63,338.14,340.94,354000,0,0,9.49,2.8065
902,10/21/2025,SNPS,459.04,459.69,445.01,448.25,1355400,0,0,14.68,3.2988
903,10/21/2025,SO,97,98.29,96.53,98.21,4582900,0,0,1.76,1.8233
904,10/21/2025,SOLV,72.91,73.45,72.14,72.73,609400,0,0,1.31,1.8159
905,10/21/2025,SPG,178.72,180.67,178.07,178.65,1073300,0,0,2.6,1.4601
906,10/21/2025,SPGI,483.79,485.7,477.54,478.42,1033200,0,0,8.16,1.7088
907,10/21/2025,SRE,92.29,93.58,91.65,93.2,2722400,0,0,1.93,2.1058
908,10/21/2025,STE,242.03,245.2,240.27,242.75,371200,0,0,4.93,2.0519
909,10/21/2025,STLD,153.82,156.24,146.11,146.11,2893900,0,0,10.13,6.9331
910,10/21/2025,STT,114.36,117.39,114.29,115.07,3135000,0,0,3.1,2.7124
911,10/21/2025,STX,214.57,216.53,210.68,212.63,2817000,0,0,5.85,2.7767
912,10/21/2025,STZ,141.57,141.82,139.2,141.72,2424200,0,0,2.62,1.8822
913,10/21/2025,SW,42.51,42.81,41.93,42.26,4288200,0,0,0.875,2.0868
914,10/21/2025,SWK,70.86,71.73,68.52,68.73,1746600,0,0,3.21,4.6848
915,10/21/2025,SWKS,76.4,76.66,75.41,75.71,1146300,0,0,1.25,1.6576
916,10/21/2025,SYF,74,74.21,72.05,72.15,2403800,0,0,2.16,2.9979
917,10/21/2025,SYK,379.76,383.12,377.24,381.22,1062100,0,0,5.88,1.5587
918,10/21/2025,SYY,79.16,80.39,79.08,80.12,2680900,0,0,1.31,1.6565
919,10/21/2025,T,26.05,26.23,25.9,26.15,100371800,0,0,0.33,1.2741
920,10/21/2025,TAP,46.54,46.76,46.2,46.53,2106700,0,0,0.56,1.2121
921,10/21/2025,TDG,1329.17,1331.83,1309.5,1313.54,252300,0,0,22.33,1.7052
922,10/21/2025,TDY,573.75,580.14,571.7,571.83,339900,0,0,8.44,1.4763
923,10/21/2025,TECH,63.46,64.94,62.64,63.38,1942800,0,0,2.3,3.6718
924,10/21/2025,TEL,228.22,234.5,227.61,230.35,2851700,0,0,6.89,3.0271
925,10/21/2025,TER,143.33,144.33,138.8,138.9,2177700,0,0,5.53,3.9841
926,10/21/2025,TFC,43.83,44.1,43.63,44.06,8726200,0,0,0.47,1.0772
927,10/21/2025,TGT,94.4,94.55,91.74,91.88,7759800,0,0,2.81,3.063
928,10/21/2025,TJX,143.91,144.3,142.67,143.18,3886900,0,0,1.63,1.1425
929,10/21/2025,TKO,186.16,189.28,186.08,188.19,953000,0,0,3.2,1.7197
930,10/21/2025,TMO,557.99,568.39,553.74,559.08,3931500,0,0,14.65,2.6457
931,10/21/2025,TMUS,229.08,230.51,227.64,230.09,3578200,0,0,2.87,1.2608
932,10/21/2025,TPL,928.63,949.92,928.63,929.86,94500,0,0,21.29,2.2926
933,10/21/2025,TPR,117.14,117.95,116,117.87,2091700,0,0,1.95,1.681
934,10/21/2025,TRGP,151.41,152.05,149.21,151.74,1100500,0,0,2.84,1.9034
935,10/21/2025,TRMB,79.65,80.01,78.28,78.58,811000,0,0,1.73,2.21
936,10/21/2025,TROW,104.25,105,103.95,104.01,981500,0,0,1.05,1.0101
937,10/21/2025,TRV,269.34,270.53,264.88,265.98,1146700,0,0,5.65,2.133
938,10/21/2025,TSCO,54.77,55.56,54.64,55,4685600,0,0,0.92,1.6838
939,10/21/2025,TSLA,442.6,449.3,442.05,445.76,54112500,0,0,7.25,1.6401
940,10/21/2025,TSN,52.35,52.75,52.28,52.48,1754800,0,0,0.47,0.899
941,10/21/2025,TT,424.2,426.22,413.57,417.16,1024300,0,0,12.65,3.0587
942,10/21/2025,TTD,53.92,54.71,52.45,52.88,13102300,0,0,2.255,4.2993
943,10/21/2025,TTWO,260.28,262.2,258.33,261.29,916000,0,0,3.87,1.4981
944,10/21/2025,TXN,180.84,181.84,178.84,179.47,10188200,0,0,3,1.6775
945,10/21/2025,TXT,83.02,84.12,82.32,82.32,1237500,0,0,1.8,2.1866
946,10/21/2025,TYL,518.69,521.99,509.49,509.49,187800,0,0,12.5,2.4534
947,10/21/2025,UAL,100.11,101.67,99.42,100.88,5739700,0,0,2.25,2.2631
948,10/21/2025,UBER,93.03,94.55,92.97,93.59,10489000,0,0,1.58,1.6995
949,10/21/2025,UDR,36.59,36.88,36.17,36.3,2932400,0,0,0.71,1.963
950,10/21/2025,UHS,206.8,208.65,206.27,207.49,331900,0,0,2.38,1.1538
951,10/21/2025,ULTA,525.92,529.25,517.83,521.16,526500,0,0,11.42,2.2054
952,10/21/2025,UNH,365.37,371.05,361.5,365.14,6874100,0,0,9.55,2.6418
953,10/21/2025,UNP,226.54,228.15,225.42,226.29,2727700,0,0,2.73,1.2111
954,10/21/2025,UPS,88.06,88.7,86.37,86.75,6176100,0,0,2.33,2.6977
955,10/21/2025,URI,1002.29,1015.68,991.49,995.22,328600,0,0,24.19,2.4398
956,10/21/2025,USB,47.61,47.83,46.95,47.03,11278200,0,0,0.88,1.8743
957,10/21/2025,V,347.21,349.65,343,343.12,4120900,0,0,6.65,1.9388
958,10/21/2025,VICI,31.19,31.3,31.06,31.17,8781500,0,0,0.24,0.7727
959,10/21/2025,VLO,157.69,160.87,157.3,159.61,1605200,0,0,3.57,2.2695
960,10/21/2025,VLTO,103.79,105.63,103.49,103.95,1347300,0,0,2.14,2.0678
961,10/21/2025,VMC,297.57,299.31,293.63,295.58,689300,0,0,5.68,1.9344
962,10/21/2025,VRSK,237.03,238.22,234.63,235.03,954500,0,0,3.59,1.5301
963,10/21/2025,VRSN,266.46,269.47,265.45,266.64,605700,0,0,4.02,1.5144
964,10/21/2025,VRTX,426.27,426.97,417.57,417.57,1075900,0,0,9.4,2.2511
965,10/21/2025,VST,186.52,193.42,185.57,192.88,5777500,0,0,7.85,4.2302
966,10/21/2025,VTR,70.24,72.02,70.13,71.81,2480800,0,0,1.89,2.695
967,10/21/2025,VTRS,10.39,10.44,10.3,10.31,6282000,0,0,0.14,1.3592
968,10/21/2025,VZ,40.3,40.78,40.13,40.63,29866400,0,0,0.65,1.6197
969,10/21/2025,WAB,198,198.57,195.57,195.57,755200,0,0,3,1.534
970,10/21/2025,WAT,349.23,364.99,347,348.27,642300,0,0,17.99,5.1844
971,10/21/2025,WBD,20.33,20.58,19.55,19.68,71194900,0,0,1.03,5.2685
972,10/21/2025,WDAY,245.67,247.25,239.74,240.12,2127800,0,0,7.51,3.1326
973,10/21/2025,WDC,121.41,121.99,119.6,121.47,4590500,0,0,2.39,1.9983
974,10/21/2025,WEC,116.58,118,116.09,117.67,2243200,0,0,1.91,1.6453
975,10/21/2025,WELL,175.12,178.63,173.13,178.43,3450300,0,0,5.5,3.1768
976,10/21/2025,WFC,84.76,87.31,84.66,86.12,20098400,0,0,2.65,3.1302
977,10/21/2025,WM,214.89,216.42,214.6,215.15,1036200,0,0,1.82,0.8481
978,10/21/2025,WMB,62.34,63.31,62.21,63.2,3797600,0,0,1.1,1.7682
979,10/21/2025,WMT,106.22,107.48,106.18,107.33,10897100,0,0,1.3,1.2243
980,10/21/2025,WRB,75,75.39,71.12,71.49,5517700,0,0,4.27,6.0039
981,10/21/2025,WSM,190.91,191.45,187.3,188.74,848000,0,0,4.15,2.2157
982,10/21/2025,WST,279.39,282.03,274.43,277.58,795100,0,0,7.6,2.7694
983,10/21/2025,WTW,330.42,331.81,328.76,329.49,411000,0,0,3.05,0.9277
984,10/21/2025,WY,23.71,23.92,23.27,23.29,4502900,0,0,0.65,2.7933
985,10/21/2025,WYNN,121.13,121.72,119.75,121.13,836000,0,0,1.97,1.6451
986,10/21/2025,XEL,80.64,81.56,80.22,81.35,1888600,0,0,1.34,1.6704
987,10/21/2025,XOM,112.71,113.36,111.99,112.89,9201700,0,0,1.37,1.2233
988,10/21/2025,XYL,147.19,147.75,146.21,146.37,812800,0,0,1.54,1.0533
989,10/21/2025,XYZ,77.73,78.87,76.05,76.24,4350300,0,0,2.82,3.7081
990,10/21/2025,YUM,148.53,149.1,147.14,148.14,1491800,0,0,1.96,1.3321
991,10/21/2025,ZBH,102.69,103.12,102.13,102.81,800800,0,0,0.99,0.9694
992,10/21/2025,ZBRA,306.21,308.63,301.09,301.09,370100,0,0,7.54,2.5042
993,10/21/2025,ZTS,146.09,147.27,144.55,144.83,2073400,0,0,2.72,1.8817
